CountryName,RegionName,Date,PredictedDailyNewCases
Afghanistan,,2020-08-01,1694.5682099624146
Afghanistan,,2020-08-02,321.7840951947967
Afghanistan,,2020-08-03,264.35155431207
Afghanistan,,2020-08-04,402.15084985744954
Afghanistan,,2020-08-05,476.3228013387933
Albania,,2020-08-01,381.8958628396269
Albania,,2020-08-02,876.2404124722319
Albania,,2020-08-03,960.4301920799919
Albania,,2020-08-04,942.3667724669003
Albania,,2020-08-05,948.212470370963
Algeria,,2020-08-01,289.91177641533716
Algeria,,2020-08-02,296.2867757832343
Algeria,,2020-08-03,311.5202339474214
Algeria,,2020-08-04,333.21658340967093
Algeria,,2020-08-05,346.80407162597373
Andorra,,2020-08-01,63.045424540097066
Andorra,,2020-08-02,63.25373342863593
Andorra,,2020-08-03,45.41275518911964
Andorra,,2020-08-04,4.333671159998861
Andorra,,2020-08-05,145.37067658860337
Angola,,2020-08-01,74.35406798850524
Angola,,2020-08-02,105.76177441288227
Angola,,2020-08-03,143.1181668093213
Angola,,2020-08-04,148.3289142937445
Angola,,2020-08-05,133.066334577743
Argentina,,2020-08-01,12463.97457165258
Argentina,,2020-08-02,18056.434163544745
Argentina,,2020-08-03,18542.27842172551
Argentina,,2020-08-04,19085.171313261846
Argentina,,2020-08-05,19173.51289969224
Aruba,,2020-08-01,72.88126604388617
Aruba,,2020-08-02,145.40099037683748
Aruba,,2020-08-03,132.22606832450094
Aruba,,2020-08-04,111.82539090540547
Aruba,,2020-08-05,135.77319132909824
Australia,,2020-08-01,16.283331473516185
Australia,,2020-08-02,22.43957339097488
Australia,,2020-08-03,13.852997587378695
Australia,,2020-08-04,29.998271931370077
Australia,,2020-08-05,16.8329849793183
Austria,,2020-08-01,2088.039883846379
Austria,,2020-08-02,2760.8185251363952
Austria,,2020-08-03,2989.0197846481983
Austria,,2020-08-04,3139.164714555031
Austria,,2020-08-05,2723.227276235636
Azerbaijan,,2020-08-01,333.3642494076568
Azerbaijan,,2020-08-02,819.4192568306843
Azerbaijan,,2020-08-03,851.8364580822606
Azerbaijan,,2020-08-04,737.988645929275
Azerbaijan,,2020-08-05,623.785383749829
Bahamas,,2020-08-01,12.540817195758345
Bahamas,,2020-08-02,6.847225836100707
Bahamas,,2020-08-03,20.27079048124761
Bahamas,,2020-08-04,17.700212428111136
Bahamas,,2020-08-05,13.607072898269015
Bahrain,,2020-08-01,357.2753437411529
Bahrain,,2020-08-02,312.53902904629786
Bahrain,,2020-08-03,374.76953720713846
Bahrain,,2020-08-04,431.8062687009038
Bahrain,,2020-08-05,477.7284120558535
Bangladesh,,2020-08-01,1130.8029776981955
Bangladesh,,2020-08-02,1244.354571620773
Bangladesh,,2020-08-03,1249.755475636613
Bangladesh,,2020-08-04,1304.7701735345954
Bangladesh,,2020-08-05,1117.9245571973383
Barbados,,2020-08-01,110.56703046763533
Barbados,,2020-08-02,106.47253578835509
Barbados,,2020-08-03,180.9846341041549
Barbados,,2020-08-04,94.79868001357666
Barbados,,2020-08-05,149.02897971821983
Belarus,,2020-08-01,2345.626869068771
Belarus,,2020-08-02,1727.5399396542962
Belarus,,2020-08-03,2321.764847304043
Belarus,,2020-08-04,2319.2608148031054
Belarus,,2020-08-05,2344.7048690708143
Belgium,,2020-08-01,1138.505664893641
Belgium,,2020-08-02,2148.4705079109335
Belgium,,2020-08-03,3404.7989929848577
Belgium,,2020-08-04,3293.91296784595
Belgium,,2020-08-05,2459.549322388508
Belize,,2020-08-01,50.340816960879
Belize,,2020-08-02,93.57573301873767
Belize,,2020-08-03,105.34020469352808
Belize,,2020-08-04,60.45458265221413
Belize,,2020-08-05,68.6650312167307
Benin,,2020-08-01,3.477819668636008
Benin,,2020-08-02,57.31357454985319
Benin,,2020-08-03,4.494003085483608
Benin,,2020-08-04,5.338557433345012
Benin,,2020-08-05,6.167764218380362
Bermuda,,2020-08-01,2.171934253253201
Bermuda,,2020-08-02,8.431774181276545
Bermuda,,2020-08-03,0.495333169634834
Bermuda,,2020-08-04,4.713952005991247
Bermuda,,2020-08-05,5.961398372505444
Bhutan,,2020-08-01,22.375929868834653
Bhutan,,2020-08-02,4.069515047488754
Bhutan,,2020-08-03,23.3969182381264
Bhutan,,2020-08-04,14.224114603128937
Bhutan,,2020-08-05,2.323936741117176
Bolivia,,2020-08-01,1869.6738813388306
Bolivia,,2020-08-02,2497.166830791384
Bolivia,,2020-08-03,2718.0479003233636
Bolivia,,2020-08-04,2996.15743606686
Bolivia,,2020-08-05,3378.8624212842433
Bosnia and Herzegovina,,2020-08-01,94.16197713421613
Bosnia and Herzegovina,,2020-08-02,832.4789441156902
Bosnia and Herzegovina,,2020-08-03,93.75316596471822
Bosnia and Herzegovina,,2020-08-04,129.18691269344956
Bosnia and Herzegovina,,2020-08-05,1658.0563849710543
Botswana,,2020-08-01,700.9652839987031
Botswana,,2020-08-02,222.56676005311752
Botswana,,2020-08-03,173.3285746928204
Botswana,,2020-08-04,808.7808593895685
Botswana,,2020-08-05,221.46766999118577
Brazil,,2020-08-01,34817.414813644195
Brazil,,2020-08-02,74324.54106122484
Brazil,,2020-08-03,80931.32280014156
Brazil,,2020-08-04,106354.20118134901
Brazil,,2020-08-05,74152.77881981374
Brunei,,2020-08-01,0.13163680882790163
Brunei,,2020-08-02,0.15026514914068956
Brunei,,2020-08-03,0.17375640963454198
Brunei,,2020-08-04,1.194455165620386
Brunei,,2020-08-05,0.2264030679326811
Bulgaria,,2020-08-01,1172.7273622231878
Bulgaria,,2020-08-02,1465.1518720081997
Bulgaria,,2020-08-03,1166.5956716289675
Bulgaria,,2020-08-04,1083.2755748665024
Bulgaria,,2020-08-05,991.3434440667747
Burkina Faso,,2020-08-01,120.43204768043415
Burkina Faso,,2020-08-02,268.36406311689444
Burkina Faso,,2020-08-03,276.18225951755835
Burkina Faso,,2020-08-04,211.2563664630527
Burkina Faso,,2020-08-05,223.4713371693817
Burundi,,2020-08-01,25.39667579913791
Burundi,,2020-08-02,18.295359880607613
Burundi,,2020-08-03,63.09842660071351
Burundi,,2020-08-04,24.1507027053526
Burundi,,2020-08-05,25.37375601045444
Cambodia,,2020-08-01,1.704697059185195
Cambodia,,2020-08-02,3.172510353165422
Cambodia,,2020-08-03,4.539430506047073
Cambodia,,2020-08-04,4.087283815342582
Cambodia,,2020-08-05,4.831322592795617
Cameroon,,2020-08-01,0.0
Cameroon,,2020-08-02,0.0
Cameroon,,2020-08-03,0.0
Cameroon,,2020-08-04,0.0
Cameroon,,2020-08-05,0.0
Canada,,2020-08-01,13398.301142050337
Canada,,2020-08-02,10749.331149984642
Canada,,2020-08-03,12008.91526726772
Canada,,2020-08-04,12283.854351054517
Canada,,2020-08-05,13971.259765234176
Cape Verde,,2020-08-01,66.35649741604368
Cape Verde,,2020-08-02,74.39881456595523
Cape Verde,,2020-08-03,114.22201283815673
Cape Verde,,2020-08-04,150.67313660025798
Cape Verde,,2020-08-05,154.2384021484715
Central African Republic,,2020-08-01,0.015249232184875172
Central African Republic,,2020-08-02,0.09516729821165683
Central African Republic,,2020-08-03,0.08849359827471845
Central African Republic,,2020-08-04,6.102963981158367
Central African Republic,,2020-08-05,0.1038757495005067
Chad,,2020-08-01,44.841395887553716
Chad,,2020-08-02,93.67205604313557
Chad,,2020-08-03,75.86287184643732
Chad,,2020-08-04,69.22333939208168
Chad,,2020-08-05,105.78392438936375
Chile,,2020-08-01,3496.7247408277995
Chile,,2020-08-02,3521.688320354636
Chile,,2020-08-03,3579.6185501250357
Chile,,2020-08-04,4928.415015806456
Chile,,2020-08-05,5526.330438105271
China,,2020-08-01,65.00404242814805
China,,2020-08-02,70.06919205780937
China,,2020-08-03,104.51207922357882
China,,2020-08-04,99.91822740437885
China,,2020-08-05,82.29304661747308
Colombia,,2020-08-01,14128.99581651822
Colombia,,2020-08-02,21276.262054512063
Colombia,,2020-08-03,21488.066111316868
Colombia,,2020-08-04,22272.821452567136
Colombia,,2020-08-05,23483.186098797414
Comoros,,2020-08-01,36.58080302657779
Comoros,,2020-08-02,168.90537987752853
Comoros,,2020-08-03,42.424090689943945
Comoros,,2020-08-04,105.23774937802987
Comoros,,2020-08-05,55.392044047170245
Congo,,2020-08-01,0.40008817229989724
Congo,,2020-08-02,0.5775050696534242
Congo,,2020-08-03,20.557390306827088
Congo,,2020-08-04,0.49411668665762776
Congo,,2020-08-05,0.47634755380819194
Costa Rica,,2020-08-01,3463.2649476600013
Costa Rica,,2020-08-02,1536.3355559698869
Costa Rica,,2020-08-03,1857.3386116810264
Costa Rica,,2020-08-04,1818.5561809951303
Costa Rica,,2020-08-05,1656.2778534561567
Cote d'Ivoire,,2020-08-01,265.74751987224045
Cote d'Ivoire,,2020-08-02,187.12701316948886
Cote d'Ivoire,,2020-08-03,254.92155599461773
Cote d'Ivoire,,2020-08-04,368.88050318534965
Cote d'Ivoire,,2020-08-05,265.895320487751
Croatia,,2020-08-01,351.1701051168463
Croatia,,2020-08-02,1110.532937563059
Croatia,,2020-08-03,1946.6103432451848
Croatia,,2020-08-04,638.2277329674263
Croatia,,2020-08-05,1160.9094950454464
Cuba,,2020-08-01,479.71040318964936
Cuba,,2020-08-02,400.4168887781385
Cuba,,2020-08-03,403.7730190547252
Cuba,,2020-08-04,522.6372067890638
Cuba,,2020-08-05,575.9393290724468
Cyprus,,2020-08-01,820.3969918753214
Cyprus,,2020-08-02,748.6291881746365
Cyprus,,2020-08-03,761.0159058891526
Cyprus,,2020-08-04,616.2450766922086
Cyprus,,2020-08-05,683.574197746138
Czech Republic,,2020-08-01,8314.9145144768
Czech Republic,,2020-08-02,15302.589404636235
Czech Republic,,2020-08-03,19932.99466187627
Czech Republic,,2020-08-04,20065.928688838325
Czech Republic,,2020-08-05,17088.61905962504
Democratic Republic of Congo,,2020-08-01,110.30593565864126
Democratic Republic of Congo,,2020-08-02,158.29559359982863
Democratic Republic of Congo,,2020-08-03,306.75261009466277
Democratic Republic of Congo,,2020-08-04,332.1853105819119
Democratic Republic of Congo,,2020-08-05,308.80134637275864
Denmark,,2020-08-01,2260.04875352039
Denmark,,2020-08-02,2125.035878325635
Denmark,,2020-08-03,2452.308453466379
Denmark,,2020-08-04,2127.870549059408
Denmark,,2020-08-05,2014.3658928622299
Djibouti,,2020-08-01,5.128968792892419
Djibouti,,2020-08-02,9.293249804895094
Djibouti,,2020-08-03,2.4920963552177815
Djibouti,,2020-08-04,3.674351986439315
Djibouti,,2020-08-05,9.80960352919679
Dominica,,2020-08-01,0.9789030752431662
Dominica,,2020-08-02,0.9702692180517031
Dominica,,2020-08-03,18.07789050021651
Dominica,,2020-08-04,1.2444492042051696
Dominica,,2020-08-05,2.1963499255461034
Dominican Republic,,2020-08-01,2500.901734875263
Dominican Republic,,2020-08-02,932.5908746033504
Dominican Republic,,2020-08-03,1015.3695295272586
Dominican Republic,,2020-08-04,1676.022652547544
Dominican Republic,,2020-08-05,1623.1282223469566
Ecuador,,2020-08-01,823.8804226816824
Ecuador,,2020-08-02,1402.2985464968788
Ecuador,,2020-08-03,1729.3477998409548
Ecuador,,2020-08-04,1547.436644242197
Ecuador,,2020-08-05,1288.8165818374548
Egypt,,2020-08-01,1690.6015146139919
Egypt,,2020-08-02,1570.5087484372823
Egypt,,2020-08-03,1508.3202519813044
Egypt,,2020-08-04,1747.3570898263845
Egypt,,2020-08-05,1549.6344207912366
El Salvador,,2020-08-01,461.08361217567483
El Salvador,,2020-08-02,474.1233029736492
El Salvador,,2020-08-03,223.1267053879919
El Salvador,,2020-08-04,832.1672455322539
El Salvador,,2020-08-05,567.5087167711581
Eritrea,,2020-08-01,1.3879188260633182
Eritrea,,2020-08-02,1.0631565805297045
Eritrea,,2020-08-03,1.3684982163845163
Eritrea,,2020-08-04,194.03854041044548
Eritrea,,2020-08-05,1.192405276894625
Estonia,,2020-08-01,560.6839642133099
Estonia,,2020-08-02,612.1969957858307
Estonia,,2020-08-03,900.48833576513
Estonia,,2020-08-04,1280.855556867894
Estonia,,2020-08-05,1016.9891184701065
Eswatini,,2020-08-01,275.11306364617025
Eswatini,,2020-08-02,287.22470708273477
Eswatini,,2020-08-03,300.15849875239593
Eswatini,,2020-08-04,336.80336610734616
Eswatini,,2020-08-05,308.4433293025185
Ethiopia,,2020-08-01,405.60028240191866
Ethiopia,,2020-08-02,447.5455665523874
Ethiopia,,2020-08-03,692.7805708357307
Ethiopia,,2020-08-04,589.7930207677524
Ethiopia,,2020-08-05,522.5876332513751
Faeroe Islands,,2020-08-01,3.330031699599884
Faeroe Islands,,2020-08-02,5.419218279492746
Faeroe Islands,,2020-08-03,15.756579673102166
Faeroe Islands,,2020-08-04,4.772886866316163
Faeroe Islands,,2020-08-05,2.8236843373159095
Fiji,,2020-08-01,0.28035752605741493
Fiji,,2020-08-02,4.264080999295644
Fiji,,2020-08-03,0.2829360098463678
Fiji,,2020-08-04,0.3059498472831561
Fiji,,2020-08-05,0.35026192744881296
Finland,,2020-08-01,215.20301175415284
Finland,,2020-08-02,385.90026124788466
Finland,,2020-08-03,423.50723205513805
Finland,,2020-08-04,320.5853952177986
Finland,,2020-08-05,414.21528424528174
France,,2020-08-01,9288.496836862692
France,,2020-08-02,25897.54585987673
France,,2020-08-03,30373.79086979002
France,,2020-08-04,5730.349098023366
France,,2020-08-05,48152.63228518321
Gabon,,2020-08-01,44.09117710874739
Gabon,,2020-08-02,10.476412690999299
Gabon,,2020-08-03,47.14132679578421
Gabon,,2020-08-04,11.713937861579213
Gabon,,2020-08-05,66.48586023632005
Gambia,,2020-08-01,9.417940514160511
Gambia,,2020-08-02,22.981175312057907
Gambia,,2020-08-03,13.047080855012682
Gambia,,2020-08-04,36.505375783303414
Gambia,,2020-08-05,23.006994396311192
Georgia,,2020-08-01,633.7305725999463
Georgia,,2020-08-02,2400.7726470385255
Georgia,,2020-08-03,1858.717482460437
Georgia,,2020-08-04,1683.5457633654512
Georgia,,2020-08-05,617.5818077676995
Germany,,2020-08-01,18484.77185370207
Germany,,2020-08-02,25094.813239193594
Germany,,2020-08-03,33368.693893522315
Germany,,2020-08-04,54044.095392832496
Germany,,2020-08-05,27626.774666522877
Ghana,,2020-08-01,47.41246536332956
Ghana,,2020-08-02,50.11204549897465
Ghana,,2020-08-03,61.19429134062557
Ghana,,2020-08-04,358.46804791292504
Ghana,,2020-08-05,70.08975196995844
Greece,,2020-08-01,597.0677689947772
Greece,,2020-08-02,1130.4680233822255
Greece,,2020-08-03,1026.5765344607562
Greece,,2020-08-04,785.7530496673237
Greece,,2020-08-05,979.2146917578211
Greenland,,2020-08-01,0.44919422315153756
Greenland,,2020-08-02,1.5258787614903606
Greenland,,2020-08-03,0.6090542244436622
Greenland,,2020-08-04,0.684050302933271
Greenland,,2020-08-05,2.822437798542355
Guam,,2020-08-01,20.28047470273592
Guam,,2020-08-02,15.349166001837615
Guam,,2020-08-03,23.106866182584994
Guam,,2020-08-04,10.813636973925018
Guam,,2020-08-05,15.722876822489209
Guatemala,,2020-08-01,483.376585115255
Guatemala,,2020-08-02,1113.0902638542489
Guatemala,,2020-08-03,1166.285744536774
Guatemala,,2020-08-04,1296.5159397170312
Guatemala,,2020-08-05,1446.9491458893672
Guinea,,2020-08-01,25.108330659279815
Guinea,,2020-08-02,57.38091526591444
Guinea,,2020-08-03,13.022389561979447
Guinea,,2020-08-04,72.89763659909728
Guinea,,2020-08-05,15.2817105414215
Guyana,,2020-08-01,38.17406519079939
Guyana,,2020-08-02,47.58629517680367
Guyana,,2020-08-03,20.648853571440483
Guyana,,2020-08-04,86.81662563093886
Guyana,,2020-08-05,28.620476379052693
Haiti,,2020-08-01,10.079065018256095
Haiti,,2020-08-02,11.600044899286802
Haiti,,2020-08-03,12.49681780348807
Haiti,,2020-08-04,89.96821715291541
Haiti,,2020-08-05,53.1571672409275
Honduras,,2020-08-01,336.0680848050808
Honduras,,2020-08-02,792.1365321371356
Honduras,,2020-08-03,1452.1166793682291
Honduras,,2020-08-04,624.1111181449746
Honduras,,2020-08-05,896.5045214603863
Hong Kong,,2020-08-01,61.61886891007138
Hong Kong,,2020-08-02,42.470267443956644
Hong Kong,,2020-08-03,36.14854877336191
Hong Kong,,2020-08-04,45.07878095031985
Hong Kong,,2020-08-05,58.12108545408068
Hungary,,2020-08-01,1244.7246428962842
Hungary,,2020-08-02,1287.4986555988762
Hungary,,2020-08-03,2507.784395830753
Hungary,,2020-08-04,3625.0102097916124
Hungary,,2020-08-05,3521.6889134606026
Iceland,,2020-08-01,49.82481242751408
Iceland,,2020-08-02,25.96616101489634
Iceland,,2020-08-03,32.56401694636971
Iceland,,2020-08-04,25.459431152155876
Iceland,,2020-08-05,36.69140597885177
India,,2020-08-01,21054.496147054237
India,,2020-08-02,23525.891646273918
India,,2020-08-03,26150.178234099338
India,,2020-08-04,24302.3219747602
India,,2020-08-05,6733.492140586713
Indonesia,,2020-08-01,10403.11938409145
Indonesia,,2020-08-02,11150.182039220746
Indonesia,,2020-08-03,12985.833537229591
Indonesia,,2020-08-04,14062.260968682891
Indonesia,,2020-08-05,15572.591398008071
Iran,,2020-08-01,7719.280956661763
Iran,,2020-08-02,7732.313611567228
Iran,,2020-08-03,8384.939369922933
Iran,,2020-08-04,8466.892875257758
Iran,,2020-08-05,8757.466557742246
Iraq,,2020-08-01,724.1223541346249
Iraq,,2020-08-02,927.0644311901536
Iraq,,2020-08-03,1020.0697332064558
Iraq,,2020-08-04,992.2820140062084
Iraq,,2020-08-05,875.9779325399211
Ireland,,2020-08-01,11340.446349671778
Ireland,,2020-08-02,11059.469243028854
Ireland,,2020-08-03,14210.93086608005
Ireland,,2020-08-04,13155.617619499968
Ireland,,2020-08-05,15437.285118962565
Israel,,2020-08-01,8956.240571286067
Israel,,2020-08-02,10294.480542765059
Israel,,2020-08-03,9870.835884884367
Israel,,2020-08-04,10055.874560407197
Israel,,2020-08-05,8823.074306397564
Italy,,2020-08-01,14493.503197584268
Italy,,2020-08-02,19371.945450501207
Italy,,2020-08-03,24711.525680734023
Italy,,2020-08-04,23128.519620146795
Italy,,2020-08-05,22356.719139167857
Jamaica,,2020-08-01,182.57464140989055
Jamaica,,2020-08-02,71.47179445105014
Jamaica,,2020-08-03,116.72733588565283
Jamaica,,2020-08-04,74.3622812404173
Jamaica,,2020-08-05,83.04152431375107
Japan,,2020-08-01,6733.131860660093
Japan,,2020-08-02,8641.775144298495
Japan,,2020-08-03,9862.741609640994
Japan,,2020-08-04,11901.22065038493
Japan,,2020-08-05,12622.952084289447
Jordan,,2020-08-01,1778.906728947126
Jordan,,2020-08-02,1646.1750382682421
Jordan,,2020-08-03,1777.3678008969296
Jordan,,2020-08-04,1478.0106657082852
Jordan,,2020-08-05,1362.898930435571
Kazakhstan,,2020-08-01,990.2648754978995
Kazakhstan,,2020-08-02,1048.7982177855056
Kazakhstan,,2020-08-03,1170.8323443657919
Kazakhstan,,2020-08-04,1220.3191502402888
Kazakhstan,,2020-08-05,1186.7144323753337
Kenya,,2020-08-01,183.3789068176862
Kenya,,2020-08-02,307.3718876122562
Kenya,,2020-08-03,362.1353832649257
Kenya,,2020-08-04,436.2815674527441
Kenya,,2020-08-05,342.3496950233623
Kosovo,,2020-08-01,70.10757810960708
Kosovo,,2020-08-02,454.5582358994219
Kosovo,,2020-08-03,87.70444256903154
Kosovo,,2020-08-04,701.8459567344112
Kosovo,,2020-08-05,423.20805434534935
Kuwait,,2020-08-01,519.7285934970307
Kuwait,,2020-08-02,466.84283914298715
Kuwait,,2020-08-03,581.6520477374831
Kuwait,,2020-08-04,734.4468536638965
Kuwait,,2020-08-05,703.9495346498202
Kyrgyz Republic,,2020-08-01,29.29779568627018
Kyrgyz Republic,,2020-08-02,158.98751844717572
Kyrgyz Republic,,2020-08-03,183.36882386564176
Kyrgyz Republic,,2020-08-04,208.86362084715756
Kyrgyz Republic,,2020-08-05,208.99207065638853
Laos,,2020-08-01,0.0
Laos,,2020-08-02,0.0
Laos,,2020-08-03,0.0
Laos,,2020-08-04,0.0
Laos,,2020-08-05,0.0
Latvia,,2020-08-01,946.9355680210363
Latvia,,2020-08-02,1132.3357739816715
Latvia,,2020-08-03,1560.6238345443444
Latvia,,2020-08-04,1731.4003577209244
Latvia,,2020-08-05,1650.8129168847897
Lebanon,,2020-08-01,4728.888313867707
Lebanon,,2020-08-02,5696.4023639228435
Lebanon,,2020-08-03,6228.812759101385
Lebanon,,2020-08-04,7230.4919420651195
Lebanon,,2020-08-05,7901.171302840601
Lesotho,,2020-08-01,552.0283244216893
Lesotho,,2020-08-02,679.4969058132536
Lesotho,,2020-08-03,1729.0371638472898
Lesotho,,2020-08-04,1167.960387982947
Lesotho,,2020-08-05,1995.7695826807449
Liberia,,2020-08-01,0.0
Liberia,,2020-08-02,0.0
Liberia,,2020-08-03,0.0
Liberia,,2020-08-04,0.0
Liberia,,2020-08-05,0.0
Libya,,2020-08-01,694.5747953701809
Libya,,2020-08-02,612.9346000523091
Libya,,2020-08-03,586.191353626348
Libya,,2020-08-04,790.6203323373499
Libya,,2020-08-05,678.4529702577754
Lithuania,,2020-08-01,1375.436178868992
Lithuania,,2020-08-02,1518.2447824297874
Lithuania,,2020-08-03,2718.628285723605
Lithuania,,2020-08-04,2387.918545646076
Lithuania,,2020-08-05,2041.481207426579
Luxembourg,,2020-08-01,573.0226384465034
Luxembourg,,2020-08-02,166.5019488486698
Luxembourg,,2020-08-03,286.43236210235403
Luxembourg,,2020-08-04,176.96595576793416
Luxembourg,,2020-08-05,168.9718718912721
Macao,,2020-08-01,0.0
Macao,,2020-08-02,0.0
Macao,,2020-08-03,0.0
Macao,,2020-08-04,0.0
Macao,,2020-08-05,0.0
Madagascar,,2020-08-01,3.5136331943296377
Madagascar,,2020-08-02,4.958100263657147
Madagascar,,2020-08-03,7.186705533558503
Madagascar,,2020-08-04,7.840725522838253
Madagascar,,2020-08-05,6.841804467086284
Malawi,,2020-08-01,343.5166717242066
Malawi,,2020-08-02,468.1121930604097
Malawi,,2020-08-03,569.7220523979512
Malawi,,2020-08-04,673.9590736149551
Malawi,,2020-08-05,769.3700512427492
Malaysia,,2020-08-01,2750.0503083910276
Malaysia,,2020-08-02,3166.3180634326027
Malaysia,,2020-08-03,3807.431031033089
Malaysia,,2020-08-04,4290.424471388066
Malaysia,,2020-08-05,3975.123210050819
Mali,,2020-08-01,22.137098248509062
Mali,,2020-08-02,105.18517593197781
Mali,,2020-08-03,64.9679286970678
Mali,,2020-08-04,52.17375403853684
Mali,,2020-08-05,104.14308864113531
Mauritania,,2020-08-01,98.43401414266734
Mauritania,,2020-08-02,128.15920600600526
Mauritania,,2020-08-03,153.8782639590518
Mauritania,,2020-08-04,127.06015379088608
Mauritania,,2020-08-05,169.04835020396774
Mauritius,,2020-08-01,5.117216727096753
Mauritius,,2020-08-02,1.2608445829178725
Mauritius,,2020-08-03,9.31919252464247
Mauritius,,2020-08-04,1.4195190836200473
Mauritius,,2020-08-05,1.6135313109037848
Mexico,,2020-08-01,10423.131311417892
Mexico,,2020-08-02,16025.603588391656
Mexico,,2020-08-03,18233.458904732353
Mexico,,2020-08-04,19139.012815276787
Mexico,,2020-08-05,20323.00200323391
Moldova,,2020-08-01,401.7617278000419
Moldova,,2020-08-02,603.5075647230547
Moldova,,2020-08-03,935.1424229339419
Moldova,,2020-08-04,428.5615377887421
Moldova,,2020-08-05,375.7739426140117
Monaco,,2020-08-01,18.889226517073478
Monaco,,2020-08-02,38.76190705919805
Monaco,,2020-08-03,40.50722471626408
Monaco,,2020-08-04,50.627099624973
Monaco,,2020-08-05,34.98126522774905
Mongolia,,2020-08-01,33.74498547338277
Mongolia,,2020-08-02,12.396829974188465
Mongolia,,2020-08-03,13.607185736293099
Mongolia,,2020-08-04,101.38163653375733
Mongolia,,2020-08-05,29.48327795439682
Morocco,,2020-08-01,938.070955261884
Morocco,,2020-08-02,1903.6067923099329
Morocco,,2020-08-03,1925.368105265436
Morocco,,2020-08-04,1934.973587913963
Morocco,,2020-08-05,1875.310130149085
Mozambique,,2020-08-01,446.9839886046134
Mozambique,,2020-08-02,415.0732388384814
Mozambique,,2020-08-03,487.40475066767243
Mozambique,,2020-08-04,716.7594062501383
Mozambique,,2020-08-05,976.9434657575044
Myanmar,,2020-08-01,746.4557576329258
Myanmar,,2020-08-02,822.060085187671
Myanmar,,2020-08-03,793.5184268425088
Myanmar,,2020-08-04,810.07970917383
Myanmar,,2020-08-05,952.6754295070455
Namibia,,2020-08-01,396.31306145459126
Namibia,,2020-08-02,651.5668875875247
Namibia,,2020-08-03,598.3041093951201
Namibia,,2020-08-04,529.7032916798381
Namibia,,2020-08-05,738.9575866828591
Nepal,,2020-08-01,481.3684413822556
Nepal,,2020-08-02,627.7976994403523
Nepal,,2020-08-03,518.9732786475022
Nepal,,2020-08-04,539.4871323592997
Nepal,,2020-08-05,696.8010734246991
Netherlands,,2020-08-01,6831.0801081803975
Netherlands,,2020-08-02,6649.221670917535
Netherlands,,2020-08-03,7367.467478114383
Netherlands,,2020-08-04,10088.666188132009
Netherlands,,2020-08-05,8842.154913726867
New Zealand,,2020-08-01,8.298490417181412
New Zealand,,2020-08-02,3.5678972101738644
New Zealand,,2020-08-03,5.888447901918351
New Zealand,,2020-08-04,4.3358093810838385
New Zealand,,2020-08-05,4.77543604533207
Nicaragua,,2020-08-01,2.978353304067495
Nicaragua,,2020-08-02,54.33854149287563
Nicaragua,,2020-08-03,3.4681287767950657
Nicaragua,,2020-08-04,3.7533717680385754
Nicaragua,,2020-08-05,4.414207019602386
Niger,,2020-08-01,21.61771240731906
Niger,,2020-08-02,57.495914475093855
Niger,,2020-08-03,160.51765410130523
Niger,,2020-08-04,102.5914581165962
Niger,,2020-08-05,73.29371076275157
Nigeria,,2020-08-01,2020.4600914870684
Nigeria,,2020-08-02,2120.152062929753
Nigeria,,2020-08-03,2559.6857053475273
Nigeria,,2020-08-04,2492.332230853181
Nigeria,,2020-08-05,2631.2227716038096
Norway,,2020-08-01,784.3698268323424
Norway,,2020-08-02,1221.9813848085423
Norway,,2020-08-03,1100.838093514325
Norway,,2020-08-04,1159.2045407949959
Norway,,2020-08-05,1061.777842364194
Oman,,2020-08-01,238.00993166361548
Oman,,2020-08-02,256.2285917230976
Oman,,2020-08-03,187.38658863797272
Oman,,2020-08-04,266.0518625100499
Oman,,2020-08-05,98.26966772781284
Pakistan,,2020-08-01,2641.7087454112266
Pakistan,,2020-08-02,2985.2679358835026
Pakistan,,2020-08-03,3492.0751092530427
Pakistan,,2020-08-04,3415.5266906008533
Pakistan,,2020-08-05,3180.776887254797
Palestine,,2020-08-01,1057.0933049555556
Palestine,,2020-08-02,1003.6903793846071
Palestine,,2020-08-03,1157.8878245343726
Palestine,,2020-08-04,1084.4202106218224
Palestine,,2020-08-05,937.3568057466745
Panama,,2020-08-01,2955.7464904476124
Panama,,2020-08-02,4036.1475061511974
Panama,,2020-08-03,5765.122344906076
Panama,,2020-08-04,4685.698171844171
Panama,,2020-08-05,4495.318889266956
Papua New Guinea,,2020-08-01,0.567027018721479
Papua New Guinea,,2020-08-02,0.6478183274814846
Papua New Guinea,,2020-08-03,0.647231757867625
Papua New Guinea,,2020-08-04,0.7603660707492855
Papua New Guinea,,2020-08-05,12.90255142826541
Paraguay,,2020-08-01,1129.1367939577042
Paraguay,,2020-08-02,1338.5849084723754
Paraguay,,2020-08-03,1305.6180754100874
Paraguay,,2020-08-04,1596.6028382394036
Paraguay,,2020-08-05,1623.169152571207
Peru,,2020-08-01,1762.3490282538437
Peru,,2020-08-02,467.06612633931394
Peru,,2020-08-03,3028.721933285466
Peru,,2020-08-04,526.7437923303224
Peru,,2020-08-05,4759.139116619492
Philippines,,2020-08-01,1348.6928679932055
Philippines,,2020-08-02,1425.921165039725
Philippines,,2020-08-03,1560.9644201382102
Philippines,,2020-08-04,1927.928387448063
Philippines,,2020-08-05,2444.118757204258
Poland,,2020-08-01,6240.887518187103
Poland,,2020-08-02,9684.696631972887
Poland,,2020-08-03,16425.75243776536
Poland,,2020-08-04,14882.142013552322
Poland,,2020-08-05,11550.480495739466
Portugal,,2020-08-01,7342.796053645276
Portugal,,2020-08-02,8205.339041846384
Portugal,,2020-08-03,13745.0087632545
Portugal,,2020-08-04,13729.196359666072
Portugal,,2020-08-05,14331.249281104774
Puerto Rico,,2020-08-01,834.4733367687681
Puerto Rico,,2020-08-02,695.538248079979
Puerto Rico,,2020-08-03,495.8025049283141
Puerto Rico,,2020-08-04,496.3373406217386
Puerto Rico,,2020-08-05,2416.4482017443493
Qatar,,2020-08-01,252.66215352033413
Qatar,,2020-08-02,262.4878524342354
Qatar,,2020-08-03,262.36523483680895
Qatar,,2020-08-04,271.0528875002172
Qatar,,2020-08-05,256.09402388391936
Romania,,2020-08-01,4298.789113528303
Romania,,2020-08-02,5754.039414826999
Romania,,2020-08-03,7036.349158485118
Romania,,2020-08-04,6292.507620417712
Romania,,2020-08-05,6583.916783805389
Russia,,2020-08-01,28228.183639819534
Russia,,2020-08-02,29422.461952102843
Russia,,2020-08-03,29704.358963408635
Russia,,2020-08-04,30226.688193128703
Russia,,2020-08-05,29734.961430268006
Rwanda,,2020-08-01,227.03859416935416
Rwanda,,2020-08-02,165.77644775291614
Rwanda,,2020-08-03,170.675687985489
Rwanda,,2020-08-04,246.22653534095886
Rwanda,,2020-08-05,225.6269180531715
San Marino,,2020-08-01,68.7557456866133
San Marino,,2020-08-02,59.545042390122234
San Marino,,2020-08-03,3.270720567835133
San Marino,,2020-08-04,37.9305572419945
San Marino,,2020-08-05,50.10360496599007
Saudi Arabia,,2020-08-01,110.96600955758828
Saudi Arabia,,2020-08-02,122.48097477254396
Saudi Arabia,,2020-08-03,143.00531309666562
Saudi Arabia,,2020-08-04,136.60554312943185
Saudi Arabia,,2020-08-05,123.26378505799309
Senegal,,2020-08-01,226.2301452813549
Senegal,,2020-08-02,287.0713818388543
Senegal,,2020-08-03,326.5304330215655
Senegal,,2020-08-04,368.5982823352813
Senegal,,2020-08-05,448.4571282816537
Serbia,,2020-08-01,2756.418899906855
Serbia,,2020-08-02,2784.0339698915327
Serbia,,2020-08-03,2982.6776665643183
Serbia,,2020-08-04,1987.9223713202725
Serbia,,2020-08-05,2336.803983132908
Seychelles,,2020-08-01,18.718185521038066
Seychelles,,2020-08-02,3.3294204844302766
Seychelles,,2020-08-03,4.306998955006266
Seychelles,,2020-08-04,4.874159271977529
Seychelles,,2020-08-05,5.918369410364442
Sierra Leone,,2020-08-01,13.767108101470079
Sierra Leone,,2020-08-02,65.78680796526746
Sierra Leone,,2020-08-03,32.271265951706596
Sierra Leone,,2020-08-04,37.753801354015536
Sierra Leone,,2020-08-05,47.898243972702545
Singapore,,2020-08-01,37.542732677429285
Singapore,,2020-08-02,42.295919850938276
Singapore,,2020-08-03,47.20255408013986
Singapore,,2020-08-04,51.947787884731554
Singapore,,2020-08-05,43.45728404872756
Slovak Republic,,2020-08-01,1169.834315362797
Slovak Republic,,2020-08-02,3665.9671165147793
Slovak Republic,,2020-08-03,5695.56235888539
Slovak Republic,,2020-08-04,2807.5603060962685
Slovak Republic,,2020-08-05,3710.2159591839854
Slovenia,,2020-08-01,1185.2810273924779
Slovenia,,2020-08-02,2964.9817558668765
Slovenia,,2020-08-03,3766.275889812536
Slovenia,,2020-08-04,3198.206556202549
Slovenia,,2020-08-05,2524.806716420977
Solomon Islands,,2020-08-01,0.0
Solomon Islands,,2020-08-02,0.0
Solomon Islands,,2020-08-03,0.0
Solomon Islands,,2020-08-04,0.0
Solomon Islands,,2020-08-05,0.0
Somalia,,2020-08-01,0.04377182585507011
Somalia,,2020-08-02,0.0488100503202178
Somalia,,2020-08-03,12.152988916627455
Somalia,,2020-08-04,0.24903140416215494
Somalia,,2020-08-05,0.3459716592560191
South Africa,,2020-08-01,19867.998870949916
South Africa,,2020-08-02,22094.491260296607
South Africa,,2020-08-03,30876.632951079504
South Africa,,2020-08-04,30438.28950105446
South Africa,,2020-08-05,31124.043740886984
South Korea,,2020-08-01,883.6372457249903
South Korea,,2020-08-02,1018.7285495396441
South Korea,,2020-08-03,1085.354238506573
South Korea,,2020-08-04,909.4636473283529
South Korea,,2020-08-05,904.9453233873397
South Sudan,,2020-08-01,43.23269878010991
South Sudan,,2020-08-02,13.139098619906948
South Sudan,,2020-08-03,12.245440120284826
South Sudan,,2020-08-04,12.29450091582225
South Sudan,,2020-08-05,5.606741913475855
Spain,,2020-08-01,37488.73380943186
Spain,,2020-08-02,31016.054341105628
Spain,,2020-08-03,7732.317075079938
Spain,,2020-08-04,51038.17390908725
Spain,,2020-08-05,34955.645680925976
Sri Lanka,,2020-08-01,604.6996142421317
Sri Lanka,,2020-08-02,656.8210373985061
Sri Lanka,,2020-08-03,701.803903368047
Sri Lanka,,2020-08-04,744.13864233307
Sri Lanka,,2020-08-05,755.5450201612431
Sudan,,2020-08-01,0.0
Sudan,,2020-08-02,0.0
Sudan,,2020-08-03,0.0
Sudan,,2020-08-04,0.0
Sudan,,2020-08-05,0.0
Suriname,,2020-08-01,138.06787622351825
Suriname,,2020-08-02,132.1818621444761
Suriname,,2020-08-03,121.8125533078831
Suriname,,2020-08-04,131.21841275256082
Suriname,,2020-08-05,152.10716576948232
Sweden,,2020-08-01,2176.340061961009
Sweden,,2020-08-02,34639.671783614314
Sweden,,2020-08-03,2542.3009485979865
Sweden,,2020-08-04,15254.54309821576
Sweden,,2020-08-05,10002.721306561863
Switzerland,,2020-08-01,10236.41003387619
Switzerland,,2020-08-02,4559.357751800865
Switzerland,,2020-08-03,5398.561297459493
Switzerland,,2020-08-04,4570.707418653229
Switzerland,,2020-08-05,3949.834204710769
Syria,,2020-08-01,113.06052638909146
Syria,,2020-08-02,119.3372037694128
Syria,,2020-08-03,127.04916079959274
Syria,,2020-08-04,130.78199307203704
Syria,,2020-08-05,131.9329914826355
Taiwan,,2020-08-01,3.7310677161156818
Taiwan,,2020-08-02,2.807281139421147
Taiwan,,2020-08-03,2.9039056917861226
Taiwan,,2020-08-04,3.9687385618423816
Taiwan,,2020-08-05,4.121219492779536
Tajikistan,,2020-08-01,0.0
Tajikistan,,2020-08-02,4.766290024355203
Tajikistan,,2020-08-03,0.0
Tajikistan,,2020-08-04,0.0
Tajikistan,,2020-08-05,0.0
Tanzania,,2020-08-01,0.0
Tanzania,,2020-08-02,0.0
Tanzania,,2020-08-03,0.0
Tanzania,,2020-08-04,0.0
Tanzania,,2020-08-05,0.0
Thailand,,2020-08-01,670.4186577670326
Thailand,,2020-08-02,518.2636047815541
Thailand,,2020-08-03,475.16534081017267
Thailand,,2020-08-04,403.5581527728607
Thailand,,2020-08-05,226.66190451472474
Timor-Leste,,2020-08-01,3.374994030327252
Timor-Leste,,2020-08-02,0.3837279143513897
Timor-Leste,,2020-08-03,0.4070303075237836
Timor-Leste,,2020-08-04,0.3972454396719599
Timor-Leste,,2020-08-05,0.3778027198765911
Togo,,2020-08-01,36.784500581774104
Togo,,2020-08-02,67.68740804810132
Togo,,2020-08-03,58.40327327197089
Togo,,2020-08-04,62.27985019968049
Togo,,2020-08-05,76.70952100339703
Trinidad and Tobago,,2020-08-01,14.208863295296654
Trinidad and Tobago,,2020-08-02,12.65222736123005
Trinidad and Tobago,,2020-08-03,14.891544278247238
Trinidad and Tobago,,2020-08-04,19.88243776877829
Trinidad and Tobago,,2020-08-05,15.199038997319622
Tunisia,,2020-08-01,2149.061262301252
Tunisia,,2020-08-02,3246.9706068227956
Tunisia,,2020-08-03,3932.7841866623216
Tunisia,,2020-08-04,3442.1325127538303
Tunisia,,2020-08-05,3922.7381531379924
Turkey,,2020-08-01,15236.805171143857
Turkey,,2020-08-02,16183.127523881132
Turkey,,2020-08-03,16242.215670649697
Turkey,,2020-08-04,14262.730341008235
Turkey,,2020-08-05,13506.420567265037
Uganda,,2020-08-01,179.23718876067852
Uganda,,2020-08-02,414.16097060462323
Uganda,,2020-08-03,372.1756310010538
Uganda,,2020-08-04,460.3049445225183
Uganda,,2020-08-05,313.8043606541983
Ukraine,,2020-08-01,5300.282069972031
Ukraine,,2020-08-02,6466.942758768878
Ukraine,,2020-08-03,8290.069767755478
Ukraine,,2020-08-04,10514.839007762264
Ukraine,,2020-08-05,7331.238682732855
United Arab Emirates,,2020-08-01,2492.0969233912397
United Arab Emirates,,2020-08-02,3071.575781592481
United Arab Emirates,,2020-08-03,3404.9094781560952
United Arab Emirates,,2020-08-04,4442.941300478433
United Arab Emirates,,2020-08-05,4473.5698114676115
United Kingdom,,2020-08-01,76525.58329187716
United Kingdom,,2020-08-02,77802.56376848769
United Kingdom,,2020-08-03,80879.45046259089
United Kingdom,,2020-08-04,69373.23832236271
United Kingdom,,2020-08-05,87339.41545782611
United Kingdom,England,2020-08-01,75668.96453619047
United Kingdom,England,2020-08-02,65845.36143473194
United Kingdom,England,2020-08-03,59949.1999295924
United Kingdom,England,2020-08-04,54196.817632975915
United Kingdom,England,2020-08-05,44928.63113347038
United Kingdom,Northern Ireland,2020-08-01,2492.19765405343
United Kingdom,Northern Ireland,2020-08-02,2140.4958122914
United Kingdom,Northern Ireland,2020-08-03,2084.2069601181643
United Kingdom,Northern Ireland,2020-08-04,1819.8325283988668
United Kingdom,Northern Ireland,2020-08-05,1825.1714318075672
United Kingdom,Scotland,2020-08-01,3038.8592801622185
United Kingdom,Scotland,2020-08-02,3886.000684367211
United Kingdom,Scotland,2020-08-03,3331.1806836927585
United Kingdom,Scotland,2020-08-04,2978.8593727079465
United Kingdom,Scotland,2020-08-05,2727.855875958129
United Kingdom,Wales,2020-08-01,1900.6489230881295
United Kingdom,Wales,2020-08-02,2716.09620922769
United Kingdom,Wales,2020-08-03,2513.355513737126
United Kingdom,Wales,2020-08-04,2121.3496359939895
United Kingdom,Wales,2020-08-05,1722.2599608883145
United States,,2020-08-01,208177.3650021583
United States,,2020-08-02,267203.2022651172
United States,,2020-08-03,281452.8253939924
United States,,2020-08-04,321911.94788209954
United States,,2020-08-05,340600.85532081185
United States,Alabama,2020-08-01,2333.14981687777
United States,Alabama,2020-08-02,5742.291657375716
United States,Alabama,2020-08-03,4881.240532341336
United States,Alabama,2020-08-04,5393.8671729223615
United States,Alabama,2020-08-05,5298.770933324238
United States,Alaska,2020-08-01,304.4052933582833
United States,Alaska,2020-08-02,239.87811061187514
United States,Alaska,2020-08-03,374.9776101994812
United States,Alaska,2020-08-04,373.6691239356761
United States,Alaska,2020-08-05,459.65033907115554
United States,Arizona,2020-08-01,6559.43294817736
United States,Arizona,2020-08-02,7146.115146561953
United States,Arizona,2020-08-03,8530.861762637305
United States,Arizona,2020-08-04,11336.233875365579
United States,Arizona,2020-08-05,12794.321530206427
United States,Arkansas,2020-08-01,1546.6966034544967
United States,Arkansas,2020-08-02,4401.322263000153
United States,Arkansas,2020-08-03,3918.6271191311293
United States,Arkansas,2020-08-04,3535.5323311871484
United States,Arkansas,2020-08-05,3271.4182226203925
United States,California,2020-08-01,34378.6551016047
United States,California,2020-08-02,40236.13382387618
United States,California,2020-08-03,38263.105976280465
United States,California,2020-08-04,49811.28304163344
United States,California,2020-08-05,45732.859864970414
United States,Colorado,2020-08-01,2612.15320843252
United States,Colorado,2020-08-02,3881.844427224608
United States,Colorado,2020-08-03,3095.578555674542
United States,Colorado,2020-08-04,3958.7481996949273
United States,Colorado,2020-08-05,3734.8322790236325
United States,Connecticut,2020-08-01,4999.170281377901
United States,Connecticut,2020-08-02,2848.3988601658693
United States,Connecticut,2020-08-03,3040.765513992806
United States,Connecticut,2020-08-04,3871.4548837191155
United States,Connecticut,2020-08-05,3803.342380760045
United States,Delaware,2020-08-01,969.6059316426812
United States,Delaware,2020-08-02,876.7428703927695
United States,Delaware,2020-08-03,741.4631582606562
United States,Delaware,2020-08-04,1352.2084138494697
United States,Delaware,2020-08-05,694.3348354060995
United States,Florida,2020-08-01,14075.812246773577
United States,Florida,2020-08-02,18413.03511040276
United States,Florida,2020-08-03,21110.870817296018
United States,Florida,2020-08-04,23447.525308935074
United States,Florida,2020-08-05,23394.80963296935
United States,Georgia,2020-08-01,6309.976657613782
United States,Georgia,2020-08-02,11554.297090724483
United States,Georgia,2020-08-03,8979.31176399658
United States,Georgia,2020-08-04,11227.628162857716
United States,Georgia,2020-08-05,14606.527176699428
United States,Hawaii,2020-08-01,143.7758061140945
United States,Hawaii,2020-08-02,182.91881118572292
United States,Hawaii,2020-08-03,208.468564296146
United States,Hawaii,2020-08-04,377.23664895413253
United States,Hawaii,2020-08-05,387.2931755367389
United States,Idaho,2020-08-01,861.0242315968612
United States,Idaho,2020-08-02,1570.7364613944483
United States,Idaho,2020-08-03,1292.4953639316986
United States,Idaho,2020-08-04,1107.7662583793292
United States,Idaho,2020-08-05,1143.0269302688098
United States,Illinois,2020-08-01,5853.593465060076
United States,Illinois,2020-08-02,7562.313244544422
United States,Illinois,2020-08-03,8449.356724262765
United States,Illinois,2020-08-04,9722.993751188968
United States,Illinois,2020-08-05,10137.096363240376
United States,Indiana,2020-08-01,3850.861558857014
United States,Indiana,2020-08-02,3504.0851248023605
United States,Indiana,2020-08-03,6395.778070576354
United States,Indiana,2020-08-04,7681.178546400816
United States,Indiana,2020-08-05,6403.880720223087
United States,Iowa,2020-08-01,1737.1430750462198
United States,Iowa,2020-08-02,2126.060095039347
United States,Iowa,2020-08-03,2674.037119225443
United States,Iowa,2020-08-04,2532.3940443782617
United States,Iowa,2020-08-05,1737.5479776843056
United States,Kansas,2020-08-01,4184.544500723932
United States,Kansas,2020-08-02,149.49307544611915
United States,Kansas,2020-08-03,5387.546270835399
United States,Kansas,2020-08-04,211.6988046522081
United States,Kansas,2020-08-05,5537.950446542276
United States,Kentucky,2020-08-01,3177.966306981282
United States,Kentucky,2020-08-02,2545.15335741176
United States,Kentucky,2020-08-03,6658.026378573962
United States,Kentucky,2020-08-04,5870.687018563816
United States,Kentucky,2020-08-05,5864.214145398937
United States,Louisiana,2020-08-01,1737.1364817491667
United States,Louisiana,2020-08-02,5212.189640710744
United States,Louisiana,2020-08-03,7656.19932110282
United States,Louisiana,2020-08-04,5370.844298755135
United States,Louisiana,2020-08-05,4311.829717286595
United States,Maine,2020-08-01,549.0776594109565
United States,Maine,2020-08-02,778.1822352899744
United States,Maine,2020-08-03,721.2104015677431
United States,Maine,2020-08-04,730.2208591367058
United States,Maine,2020-08-05,987.0619006193932
United States,Maryland,2020-08-01,3050.129791854673
United States,Maryland,2020-08-02,2527.921718701296
United States,Maryland,2020-08-03,3803.110657549686
United States,Maryland,2020-08-04,3646.1920208826864
United States,Maryland,2020-08-05,4457.819839497082
United States,Massachusetts,2020-08-01,6242.146908237086
United States,Massachusetts,2020-08-02,5972.916005426171
United States,Massachusetts,2020-08-03,8319.211132482797
United States,Massachusetts,2020-08-04,8831.236261992972
United States,Massachusetts,2020-08-05,9481.502981702162
United States,Michigan,2020-08-01,6022.48266509897
United States,Michigan,2020-08-02,3678.6161260301214
United States,Michigan,2020-08-03,5492.719554840215
United States,Michigan,2020-08-04,5123.840407188709
United States,Michigan,2020-08-05,4639.057118818003
United States,Minnesota,2020-08-01,3490.836931102055
United States,Minnesota,2020-08-02,1907.9350441424886
United States,Minnesota,2020-08-03,2700.004774896303
United States,Minnesota,2020-08-04,2331.18924844892
United States,Minnesota,2020-08-05,2753.9895893285266
United States,Mississippi,2020-08-01,1925.812005445905
United States,Mississippi,2020-08-02,2014.716803892274
United States,Mississippi,2020-08-03,3078.35429537971
United States,Mississippi,2020-08-04,287.7432757396529
United States,Mississippi,2020-08-05,5679.782217664035
United States,Missouri,2020-08-01,1647.0124170929823
United States,Missouri,2020-08-02,3059.608343064226
United States,Missouri,2020-08-03,2561.063363333988
United States,Missouri,2020-08-04,5153.6636958861045
United States,Missouri,2020-08-05,4583.137735560167
United States,Montana,2020-08-01,353.55356222805426
United States,Montana,2020-08-02,821.6145430800319
United States,Montana,2020-08-03,792.7906828147015
United States,Montana,2020-08-04,780.5334997344647
United States,Montana,2020-08-05,928.29775062109
United States,Nebraska,2020-08-01,629.3776794211957
United States,Nebraska,2020-08-02,1489.5713458708274
United States,Nebraska,2020-08-03,1501.1680444051888
United States,Nebraska,2020-08-04,1179.721723735521
United States,Nebraska,2020-08-05,1087.4404835465302
United States,Nevada,2020-08-01,1659.6298802777883
United States,Nevada,2020-08-02,2686.863391017942
United States,Nevada,2020-08-03,2190.142181727141
United States,Nevada,2020-08-04,3620.797425720461
United States,Nevada,2020-08-05,3109.9267037216136
United States,New Hampshire,2020-08-01,1030.178909873165
United States,New Hampshire,2020-08-02,835.6960321605234
United States,New Hampshire,2020-08-03,1018.4893551883699
United States,New Hampshire,2020-08-04,662.143129304646
United States,New Hampshire,2020-08-05,1102.5668964681172
United States,New Jersey,2020-08-01,2350.929707031416
United States,New Jersey,2020-08-02,7727.059040133796
United States,New Jersey,2020-08-03,6305.802369724224
United States,New Jersey,2020-08-04,7453.484580890223
United States,New Jersey,2020-08-05,6552.720418005196
United States,New Mexico,2020-08-01,1031.6099232381728
United States,New Mexico,2020-08-02,1308.0170850104141
United States,New Mexico,2020-08-03,1613.8409889710924
United States,New Mexico,2020-08-04,1979.9983483346914
United States,New Mexico,2020-08-05,1749.8295527212472
United States,New York,2020-08-01,14820.421909712011
United States,New York,2020-08-02,16396.246197025048
United States,New York,2020-08-03,18989.28928826099
United States,New York,2020-08-04,21287.152666182254
United States,New York,2020-08-05,23493.70454166512
United States,North Carolina,2020-08-01,6995.058174736163
United States,North Carolina,2020-08-02,7164.176763913883
United States,North Carolina,2020-08-03,9242.080412662479
United States,North Carolina,2020-08-04,12765.445530016477
United States,North Carolina,2020-08-05,12268.00022743547
United States,North Dakota,2020-08-01,172.52301254099848
United States,North Dakota,2020-08-02,224.0208884726703
United States,North Dakota,2020-08-03,312.4641547324588
United States,North Dakota,2020-08-04,307.00390307950596
United States,North Dakota,2020-08-05,257.5420541569191
United States,Ohio,2020-08-01,6776.638342253078
United States,Ohio,2020-08-02,8640.961138258415
United States,Ohio,2020-08-03,8998.433525722767
United States,Ohio,2020-08-04,11402.730357253784
United States,Ohio,2020-08-05,10590.875761393567
United States,Oklahoma,2020-08-01,3089.5416611349992
United States,Oklahoma,2020-08-02,1850.7839636570006
United States,Oklahoma,2020-08-03,3664.6212424760038
United States,Oklahoma,2020-08-04,4229.203993612248
United States,Oklahoma,2020-08-05,5881.388476274212
United States,Oregon,2020-08-01,1006.9047220531945
United States,Oregon,2020-08-02,1352.8658219746144
United States,Oregon,2020-08-03,1095.838847766038
United States,Oregon,2020-08-04,1268.7309429603856
United States,Oregon,2020-08-05,2189.935711319537
United States,Pennsylvania,2020-08-01,6168.7991462914815
United States,Pennsylvania,2020-08-02,9837.56189943955
United States,Pennsylvania,2020-08-03,10633.076138506933
United States,Pennsylvania,2020-08-04,10961.580387628348
United States,Pennsylvania,2020-08-05,11304.593109602758
United States,Rhode Island,2020-08-01,5028.786984983023
United States,Rhode Island,2020-08-02,1349.224606850539
United States,Rhode Island,2020-08-03,1820.8587696685113
United States,Rhode Island,2020-08-04,1324.8496945609047
United States,Rhode Island,2020-08-05,1254.7384958137886
United States,South Carolina,2020-08-01,4896.711251929506
United States,South Carolina,2020-08-02,3939.2724164888377
United States,South Carolina,2020-08-03,6383.942596415925
United States,South Carolina,2020-08-04,5990.329020955731
United States,South Carolina,2020-08-05,7339.588378963017
United States,South Dakota,2020-08-01,83.48381171610646
United States,South Dakota,2020-08-02,406.0840512235819
United States,South Dakota,2020-08-03,582.1104382290987
United States,South Dakota,2020-08-04,428.9902246449227
United States,South Dakota,2020-08-05,428.1897921528882
United States,Tennessee,2020-08-01,3572.5184571873856
United States,Tennessee,2020-08-02,5114.388400950753
United States,Tennessee,2020-08-03,7576.986922651338
United States,Tennessee,2020-08-04,8540.63573217775
United States,Tennessee,2020-08-05,6159.46940862888
United States,Texas,2020-08-01,18281.556444216087
United States,Texas,2020-08-02,37224.8814190287
United States,Texas,2020-08-03,24896.708755935248
United States,Texas,2020-08-04,30133.69470922775
United States,Texas,2020-08-05,27958.422397664257
United States,Utah,2020-08-01,2414.0509812095747
United States,Utah,2020-08-02,3567.726297222742
United States,Utah,2020-08-03,4039.7016391919838
United States,Utah,2020-08-04,4905.807509557569
United States,Utah,2020-08-05,4090.8614150079884
United States,Vermont,2020-08-01,152.21537213431262
United States,Vermont,2020-08-02,240.7275576001076
United States,Vermont,2020-08-03,204.30329020494622
United States,Vermont,2020-08-04,345.53811670391076
United States,Vermont,2020-08-05,321.60025353847874
United States,Virginia,2020-08-01,4902.827295991099
United States,Virginia,2020-08-02,5655.330164795781
United States,Virginia,2020-08-03,6604.283968168295
United States,Virginia,2020-08-04,6643.473566131659
United States,Virginia,2020-08-05,6461.516217002592
United States,Washington,2020-08-01,2078.433306859928
United States,Washington,2020-08-02,3421.053123972487
United States,Washington,2020-08-03,3146.177071646089
United States,Washington,2020-08-04,4464.884003151816
United States,Washington,2020-08-05,6111.592578986619
United States,Washington DC,2020-08-01,210.98139903942166
United States,Washington DC,2020-08-02,339.79401411902626
United States,Washington DC,2020-08-03,395.31468481363936
United States,Washington DC,2020-08-04,352.5334052756976
United States,Washington DC,2020-08-05,441.12492870378316
United States,West Virginia,2020-08-01,1051.0142912012243
United States,West Virginia,2020-08-02,1508.8523353779756
United States,West Virginia,2020-08-03,1760.6348499121132
United States,West Virginia,2020-08-04,1618.0779928685386
United States,West Virginia,2020-08-05,2205.1036018150276
United States,Wisconsin,2020-08-01,1933.301273929998
United States,Wisconsin,2020-08-02,4335.753128640477
United States,Wisconsin,2020-08-03,4446.4069373590655
United States,Wisconsin,2020-08-04,4729.312703298815
United States,Wisconsin,2020-08-05,4432.504311851759
United States,Wyoming,2020-08-01,419.2104110132899
United States,Wyoming,2020-08-02,343.39177667039183
United States,Wyoming,2020-08-03,365.3185983332457
United States,Wyoming,2020-08-04,323.4332364839683
United States,Wyoming,2020-08-05,524.9755716111298
Uruguay,,2020-08-01,887.4215540904344
Uruguay,,2020-08-02,994.3301698012358
Uruguay,,2020-08-03,1291.4922926745521
Uruguay,,2020-08-04,1128.9264713805687
Uruguay,,2020-08-05,939.3651855216197
Uzbekistan,,2020-08-01,6.425292002979017
Uzbekistan,,2020-08-02,45.94500734868227
Uzbekistan,,2020-08-03,63.45638933436371
Uzbekistan,,2020-08-04,72.67036302443029
Uzbekistan,,2020-08-05,83.84284810006517
Vanuatu,,2020-08-01,0.0
Vanuatu,,2020-08-02,0.0
Vanuatu,,2020-08-03,0.0
Vanuatu,,2020-08-04,0.0
Vanuatu,,2020-08-05,0.0
Venezuela,,2020-08-01,286.5295871745162
Venezuela,,2020-08-02,389.26538419211147
Venezuela,,2020-08-03,380.0600842319066
Venezuela,,2020-08-04,559.0468481697987
Venezuela,,2020-08-05,515.3155472685153
Vietnam,,2020-08-01,4.13291294792611
Vietnam,,2020-08-02,8.205394909593977
Vietnam,,2020-08-03,2.238568235631912
Vietnam,,2020-08-04,5.335582700388891
Vietnam,,2020-08-05,4.303190932403279
Yemen,,2020-08-01,0.17712989019622194
Yemen,,2020-08-02,0.18141741268648304
Yemen,,2020-08-03,1.1770155589211213
Yemen,,2020-08-04,2.173007005575072
Yemen,,2020-08-05,0.16599588922891645
Zambia,,2020-08-01,1210.193807243728
Zambia,,2020-08-02,1525.9567061429195
Zambia,,2020-08-03,1831.2544119003364
Zambia,,2020-08-04,1883.747212885317
Zambia,,2020-08-05,2255.287677562512
Zimbabwe,,2020-08-01,1320.0868821220397
Zimbabwe,,2020-08-02,2277.512369624472
Zimbabwe,,2020-08-03,1619.4076001095489
Zimbabwe,,2020-08-04,2045.8564390913648
Zimbabwe,,2020-08-05,2399.004312469115
