,CountryName,RegionName,Date,C1_School closing,C2_Workplace closing,C3_Cancel public events,C4_Restrictions on gatherings,C5_Close public transport,C6_Stay at home requirements,C7_Restrictions on internal movement,C8_International travel controls,H1_Public information campaigns,H2_Testing policy,H3_Contact tracing,H6_Facial Coverings
1175,Afghanistan,,2020-08-01,1,1,1,0,1,0,1,3,0,2,0,0
1176,Afghanistan,,2020-08-02,0,0,1,2,0,0,1,0,1,2,1,1
1177,Afghanistan,,2020-08-03,2,0,1,3,1,1,1,1,0,1,1,0
1178,Afghanistan,,2020-08-04,0,2,0,2,1,2,0,0,1,1,1,3
1179,Afghanistan,,2020-08-05,0,0,0,2,0,1,1,1,0,2,1,1
1180,Albania,,2020-08-01,0,2,0,0,1,0,0,3,0,1,0,2
1181,Albania,,2020-08-02,2,2,0,2,0,0,1,3,1,2,1,0
1182,Albania,,2020-08-03,1,2,0,2,1,0,1,0,0,1,0,2
1183,Albania,,2020-08-04,0,2,1,1,0,2,0,2,1,1,1,1
1184,Albania,,2020-08-05,0,2,0,3,0,2,0,1,0,0,1,0
1185,Algeria,,2020-08-01,1,0,0,3,1,2,1,3,0,1,0,2
1186,Algeria,,2020-08-02,2,0,0,3,0,2,0,1,0,2,1,3
1187,Algeria,,2020-08-03,0,0,1,3,1,0,0,1,1,1,0,2
1188,Algeria,,2020-08-04,0,0,0,1,0,1,1,1,1,2,1,0
1189,Algeria,,2020-08-05,1,0,0,3,1,1,1,3,0,2,1,2
1190,Andorra,,2020-08-01,2,1,1,2,1,2,0,0,1,1,0,3
1191,Andorra,,2020-08-02,0,0,1,1,1,1,1,2,0,2,1,3
1192,Andorra,,2020-08-03,0,0,0,1,1,1,0,1,1,1,1,3
1193,Andorra,,2020-08-04,1,2,0,1,0,1,1,2,0,1,1,1
1194,Andorra,,2020-08-05,1,2,1,2,0,1,0,3,1,0,0,2
1195,Angola,,2020-08-01,2,2,1,3,1,1,0,3,0,1,0,3
1196,Angola,,2020-08-02,2,1,1,2,1,0,0,1,0,1,0,1
1197,Angola,,2020-08-03,2,1,0,1,1,1,1,1,0,2,1,2
1198,Angola,,2020-08-04,1,0,1,0,1,1,1,1,0,2,1,0
1199,Angola,,2020-08-05,1,0,0,3,1,1,0,1,0,2,0,1
1200,Argentina,,2020-08-01,0,0,0,3,1,0,0,0,0,1,0,3
1201,Argentina,,2020-08-02,1,1,0,2,0,2,1,0,1,2,1,0
1202,Argentina,,2020-08-03,0,0,1,0,0,1,0,3,1,2,0,2
1203,Argentina,,2020-08-04,0,1,1,1,1,1,1,0,0,1,0,2
1204,Argentina,,2020-08-05,0,0,0,3,0,1,0,1,1,2,1,0
1205,Aruba,,2020-08-01,0,2,1,0,0,1,0,2,1,0,0,3
1206,Aruba,,2020-08-02,0,0,0,2,1,1,0,1,0,0,0,0
1207,Aruba,,2020-08-03,1,0,0,1,1,2,1,2,1,0,0,2
1208,Aruba,,2020-08-04,1,2,0,2,1,2,1,3,0,2,0,0
1209,Aruba,,2020-08-05,2,2,0,3,1,0,0,2,0,2,0,3
1210,Australia,,2020-08-01,0,2,1,3,0,1,1,1,0,1,1,0
1211,Australia,,2020-08-02,2,1,0,3,0,2,0,0,1,1,1,2
1212,Australia,,2020-08-03,1,1,0,2,0,2,0,1,1,2,1,2
1213,Australia,,2020-08-04,2,1,0,2,0,0,0,0,1,1,0,1
1214,Australia,,2020-08-05,0,1,1,2,1,1,1,0,0,1,1,1
1215,Austria,,2020-08-01,0,2,0,3,0,2,1,2,1,2,1,3
1216,Austria,,2020-08-02,0,1,0,1,0,0,1,2,1,1,0,3
1217,Austria,,2020-08-03,1,0,1,1,1,2,1,2,1,0,1,3
1218,Austria,,2020-08-04,0,2,0,2,1,2,1,0,1,1,1,3
1219,Austria,,2020-08-05,1,2,1,2,1,2,1,0,0,1,1,3
1220,Azerbaijan,,2020-08-01,2,2,1,0,1,2,0,2,1,1,0,0
1221,Azerbaijan,,2020-08-02,1,1,0,0,0,2,1,3,0,2,0,3
1222,Azerbaijan,,2020-08-03,2,1,0,3,0,0,0,2,0,0,0,2
1223,Azerbaijan,,2020-08-04,2,0,0,3,0,0,1,3,0,2,1,2
1224,Azerbaijan,,2020-08-05,2,2,0,1,0,0,0,0,0,1,0,2
1225,Bahamas,,2020-08-01,0,2,0,2,1,0,1,0,0,0,0,1
1226,Bahamas,,2020-08-02,1,0,1,2,0,1,0,3,1,2,0,2
1227,Bahamas,,2020-08-03,1,0,1,1,0,2,1,2,0,2,1,1
1228,Bahamas,,2020-08-04,2,2,1,2,1,1,1,2,0,0,1,0
1229,Bahamas,,2020-08-05,1,2,1,3,0,1,1,3,0,2,1,3
1230,Bahrain,,2020-08-01,2,0,1,1,0,2,0,3,1,0,0,3
1231,Bahrain,,2020-08-02,2,1,0,1,1,2,1,0,0,2,0,2
1232,Bahrain,,2020-08-03,2,0,0,2,1,1,1,1,1,2,1,3
1233,Bahrain,,2020-08-04,0,1,1,1,1,1,0,1,0,2,1,1
1234,Bahrain,,2020-08-05,0,0,0,2,0,2,1,3,0,0,1,1
1235,Bangladesh,,2020-08-01,1,1,1,3,0,1,0,3,1,1,1,2
1236,Bangladesh,,2020-08-02,1,1,1,0,1,0,1,1,1,0,0,3
1237,Bangladesh,,2020-08-03,1,1,1,3,1,1,0,0,0,1,0,1
1238,Bangladesh,,2020-08-04,0,0,0,3,1,2,1,2,1,1,0,3
1239,Bangladesh,,2020-08-05,2,2,1,2,0,2,1,1,1,1,1,2
1240,Barbados,,2020-08-01,2,1,0,1,0,2,0,1,0,0,1,0
1241,Barbados,,2020-08-02,0,2,1,0,1,1,0,2,0,2,1,2
1242,Barbados,,2020-08-03,0,0,0,1,0,0,1,1,0,0,0,0
1243,Barbados,,2020-08-04,2,0,1,3,1,0,1,2,1,0,1,3
1244,Barbados,,2020-08-05,2,2,0,2,0,1,0,0,0,0,1,0
1245,Belarus,,2020-08-01,1,1,1,3,0,0,1,0,0,0,1,3
1246,Belarus,,2020-08-02,1,0,0,2,1,1,1,1,0,1,0,2
1247,Belarus,,2020-08-03,2,0,0,0,1,1,1,1,0,0,0,3
1248,Belarus,,2020-08-04,0,1,1,3,1,1,1,1,1,0,0,3
1249,Belarus,,2020-08-05,2,1,0,3,1,1,1,1,1,0,0,0
1250,Belgium,,2020-08-01,1,2,1,3,0,1,0,0,0,1,0,3
1251,Belgium,,2020-08-02,0,2,1,2,0,0,0,3,0,2,0,0
1252,Belgium,,2020-08-03,1,0,0,0,0,1,0,0,1,0,0,0
1253,Belgium,,2020-08-04,2,0,1,1,1,2,1,0,1,1,1,0
1254,Belgium,,2020-08-05,2,2,0,3,0,1,0,2,0,0,1,1
1255,Belize,,2020-08-01,2,1,1,2,1,2,1,3,1,2,1,2
1256,Belize,,2020-08-02,0,1,1,3,1,0,1,2,1,1,0,2
1257,Belize,,2020-08-03,1,2,1,1,1,0,1,2,1,1,1,1
1258,Belize,,2020-08-04,2,0,0,0,1,2,1,3,1,2,0,3
1259,Belize,,2020-08-05,2,0,1,0,0,1,1,3,1,2,0,1
1260,Benin,,2020-08-01,2,2,0,3,1,1,0,2,0,1,1,1
1261,Benin,,2020-08-02,2,0,0,2,1,2,1,3,1,2,1,0
1262,Benin,,2020-08-03,1,2,1,2,0,1,0,1,1,1,0,0
1263,Benin,,2020-08-04,0,0,0,1,1,2,1,2,0,2,1,2
1264,Benin,,2020-08-05,2,0,1,0,1,2,1,0,1,2,1,3
1265,Bermuda,,2020-08-01,0,0,0,3,0,1,0,3,1,1,1,3
1266,Bermuda,,2020-08-02,2,1,1,1,0,0,0,0,1,0,0,2
1267,Bermuda,,2020-08-03,0,1,0,3,0,1,1,1,0,0,0,1
1268,Bermuda,,2020-08-04,0,2,1,1,1,2,1,0,0,2,0,0
1269,Bermuda,,2020-08-05,1,2,0,0,1,1,0,2,0,2,0,3
1270,Bhutan,,2020-08-01,2,2,1,3,0,1,0,2,0,2,0,1
1271,Bhutan,,2020-08-02,0,1,1,0,1,2,1,0,1,0,1,2
1272,Bhutan,,2020-08-03,1,1,1,2,1,0,1,3,0,0,1,1
1273,Bhutan,,2020-08-04,1,2,1,0,1,1,1,0,0,1,1,3
1274,Bhutan,,2020-08-05,1,0,0,0,1,1,0,2,0,1,0,0
1275,Bolivia,,2020-08-01,1,0,1,1,1,1,0,1,0,2,1,2
1276,Bolivia,,2020-08-02,0,2,0,1,0,2,0,0,1,2,0,0
1277,Bolivia,,2020-08-03,2,1,0,2,1,0,1,0,1,1,0,1
1278,Bolivia,,2020-08-04,1,0,1,1,1,2,0,2,1,2,0,1
1279,Bolivia,,2020-08-05,0,2,1,0,0,2,0,1,0,2,1,1
1280,Bosnia and Herzegovina,,2020-08-01,0,0,1,2,0,2,0,0,0,1,1,1
1281,Bosnia and Herzegovina,,2020-08-02,0,1,0,0,0,2,1,0,0,2,1,2
1282,Bosnia and Herzegovina,,2020-08-03,0,1,0,3,0,1,0,2,0,0,1,2
1283,Bosnia and Herzegovina,,2020-08-04,2,1,1,2,1,0,1,3,1,1,0,0
1284,Bosnia and Herzegovina,,2020-08-05,1,1,0,0,1,2,0,2,1,1,0,0
1285,Botswana,,2020-08-01,2,0,1,0,1,2,0,2,0,0,1,2
1286,Botswana,,2020-08-02,1,1,0,3,0,2,0,2,1,2,0,0
1287,Botswana,,2020-08-03,2,0,0,3,0,2,0,0,0,0,1,2
1288,Botswana,,2020-08-04,0,1,1,3,0,2,0,2,0,1,0,0
1289,Botswana,,2020-08-05,0,1,0,2,1,2,1,1,0,1,0,2
1290,Brazil,,2020-08-01,0,0,0,1,1,2,0,1,0,2,1,1
1291,Brazil,,2020-08-02,2,1,1,1,0,1,1,3,1,2,1,0
1292,Brazil,,2020-08-03,0,1,0,3,0,0,0,3,1,1,0,0
1293,Brazil,,2020-08-04,0,1,1,2,1,1,0,2,1,2,1,0
1294,Brazil,,2020-08-05,1,2,0,0,1,1,1,2,0,1,1,3
1295,Brunei,,2020-08-01,0,0,1,1,1,1,0,3,1,0,1,1
1296,Brunei,,2020-08-02,2,0,0,0,1,0,1,1,0,2,0,2
1297,Brunei,,2020-08-03,0,2,1,3,0,2,1,0,1,1,0,1
1298,Brunei,,2020-08-04,2,1,0,3,1,2,0,1,0,0,1,0
1299,Brunei,,2020-08-05,1,2,0,1,1,1,1,0,1,0,0,3
1300,Bulgaria,,2020-08-01,1,2,1,0,0,0,1,1,1,1,1,3
1301,Bulgaria,,2020-08-02,2,1,0,2,1,2,1,1,1,2,1,1
1302,Bulgaria,,2020-08-03,1,1,1,3,1,0,0,0,0,2,0,3
1303,Bulgaria,,2020-08-04,2,0,1,2,0,1,0,2,1,1,1,0
1304,Bulgaria,,2020-08-05,0,1,0,1,0,0,0,3,0,1,0,0
1305,Burkina Faso,,2020-08-01,0,2,1,3,0,1,0,1,0,2,0,1
1306,Burkina Faso,,2020-08-02,1,2,1,2,0,1,0,3,0,2,1,2
1307,Burkina Faso,,2020-08-03,1,1,0,1,1,2,0,1,0,2,0,1
1308,Burkina Faso,,2020-08-04,1,0,0,2,0,0,1,1,0,1,0,0
1309,Burkina Faso,,2020-08-05,0,2,0,3,1,0,0,1,1,0,1,3
1310,Burundi,,2020-08-01,1,2,1,2,0,1,1,1,0,1,1,2
1311,Burundi,,2020-08-02,1,2,0,2,1,2,1,1,1,2,0,0
1312,Burundi,,2020-08-03,0,1,0,3,0,2,1,1,1,0,1,0
1313,Burundi,,2020-08-04,0,2,0,2,1,1,1,2,1,0,1,2
1314,Burundi,,2020-08-05,1,1,0,2,1,2,0,3,1,0,1,2
1315,Cambodia,,2020-08-01,1,1,1,1,0,0,1,1,0,2,0,0
1316,Cambodia,,2020-08-02,2,1,1,2,0,2,0,2,1,2,0,3
1317,Cambodia,,2020-08-03,1,0,1,3,1,0,1,3,1,2,1,1
1318,Cambodia,,2020-08-04,2,0,0,2,1,1,0,3,1,0,0,1
1319,Cambodia,,2020-08-05,0,2,1,3,0,2,0,3,0,0,1,2
1320,Cameroon,,2020-08-01,2,0,0,2,1,0,1,1,1,0,1,2
1321,Cameroon,,2020-08-02,0,0,0,1,0,2,1,1,1,0,0,0
1322,Cameroon,,2020-08-03,1,0,1,3,1,1,1,2,1,0,0,2
1323,Cameroon,,2020-08-04,1,0,1,0,1,1,1,0,0,0,1,1
1324,Cameroon,,2020-08-05,1,2,0,2,0,1,0,2,1,1,0,1
1325,Canada,,2020-08-01,0,2,1,3,0,2,0,3,0,0,0,0
1326,Canada,,2020-08-02,2,1,1,2,1,1,0,1,1,0,1,0
1327,Canada,,2020-08-03,1,0,1,2,0,2,0,3,1,2,0,3
1328,Canada,,2020-08-04,0,2,0,2,1,2,1,2,0,1,1,0
1329,Canada,,2020-08-05,2,0,1,3,1,1,1,2,0,0,1,0
1330,Cape Verde,,2020-08-01,1,0,0,3,0,0,0,0,1,1,0,1
1331,Cape Verde,,2020-08-02,1,0,0,0,0,1,1,0,1,1,0,3
1332,Cape Verde,,2020-08-03,1,2,1,0,1,2,0,0,1,1,0,2
1333,Cape Verde,,2020-08-04,1,1,1,0,0,1,0,0,0,2,1,1
1334,Cape Verde,,2020-08-05,1,1,0,0,1,1,0,0,0,1,1,1
1335,Central African Republic,,2020-08-01,2,2,0,2,1,2,1,2,0,2,0,2
1336,Central African Republic,,2020-08-02,2,1,0,3,0,2,0,2,0,2,0,2
1337,Central African Republic,,2020-08-03,2,2,1,0,0,2,1,3,0,1,0,3
1338,Central African Republic,,2020-08-04,1,2,0,0,1,1,1,3,1,2,0,1
1339,Central African Republic,,2020-08-05,1,2,1,3,1,0,0,2,0,2,1,2
1340,Chad,,2020-08-01,1,1,1,1,1,1,0,3,1,2,0,0
1341,Chad,,2020-08-02,0,0,1,3,1,0,1,0,1,2,0,2
1342,Chad,,2020-08-03,1,1,0,2,0,1,0,1,0,0,1,0
1343,Chad,,2020-08-04,1,0,0,0,0,2,1,0,0,1,1,3
1344,Chad,,2020-08-05,2,1,0,3,0,1,0,0,1,2,0,2
1345,Chile,,2020-08-01,2,0,0,1,1,2,1,1,0,2,1,2
1346,Chile,,2020-08-02,1,0,1,0,0,2,0,0,1,1,1,0
1347,Chile,,2020-08-03,1,2,1,0,1,0,0,0,0,2,1,0
1348,Chile,,2020-08-04,0,2,1,1,1,2,0,3,1,2,1,2
1349,Chile,,2020-08-05,1,0,1,3,0,1,0,0,1,0,0,0
1350,China,,2020-08-01,0,0,1,3,1,2,0,3,1,2,0,0
1351,China,,2020-08-02,2,0,1,0,0,1,1,2,0,1,0,3
1352,China,,2020-08-03,2,1,0,3,0,1,1,0,1,1,1,3
1353,China,,2020-08-04,0,2,0,0,0,2,0,0,0,0,0,0
1354,China,,2020-08-05,0,1,0,1,1,1,1,3,0,0,0,2
1355,Colombia,,2020-08-01,1,0,0,1,0,1,1,0,1,0,1,2
1356,Colombia,,2020-08-02,0,0,0,0,1,0,0,0,0,1,1,2
1357,Colombia,,2020-08-03,0,0,0,0,1,0,0,0,0,2,0,3
1358,Colombia,,2020-08-04,0,1,0,2,0,2,1,0,0,2,1,1
1359,Colombia,,2020-08-05,0,0,0,1,0,2,0,3,1,2,1,1
1360,Comoros,,2020-08-01,1,1,0,3,1,1,0,0,0,0,1,3
1361,Comoros,,2020-08-02,0,1,1,0,1,1,1,2,1,1,1,2
1362,Comoros,,2020-08-03,0,0,0,1,0,2,1,3,0,1,0,1
1363,Comoros,,2020-08-04,2,0,1,0,0,2,1,1,0,1,1,1
1364,Comoros,,2020-08-05,0,1,0,1,0,1,0,1,1,2,1,0
1365,Congo,,2020-08-01,2,2,0,1,1,2,0,0,0,1,1,3
1366,Congo,,2020-08-02,0,0,0,3,0,1,1,0,0,1,1,0
1367,Congo,,2020-08-03,2,1,0,3,0,1,1,1,0,0,0,2
1368,Congo,,2020-08-04,0,2,1,0,0,1,0,1,0,2,1,0
1369,Congo,,2020-08-05,0,2,0,1,0,2,1,0,1,0,0,1
1370,Costa Rica,,2020-08-01,0,1,1,0,0,2,0,1,1,0,0,3
1371,Costa Rica,,2020-08-02,1,1,1,3,0,0,0,1,0,0,0,2
1372,Costa Rica,,2020-08-03,1,1,1,1,1,0,0,3,0,0,1,1
1373,Costa Rica,,2020-08-04,0,0,0,1,0,0,1,3,1,1,0,1
1374,Costa Rica,,2020-08-05,0,0,0,2,0,0,1,3,0,1,0,0
1375,Cote d'Ivoire,,2020-08-01,1,0,0,1,0,0,0,0,0,2,0,2
1376,Cote d'Ivoire,,2020-08-02,2,2,1,2,1,1,1,1,1,0,1,1
1377,Cote d'Ivoire,,2020-08-03,1,0,0,3,1,2,1,0,1,0,1,1
1378,Cote d'Ivoire,,2020-08-04,2,2,0,2,1,1,0,1,1,2,0,3
1379,Cote d'Ivoire,,2020-08-05,0,2,1,1,1,1,0,2,1,1,0,2
1380,Croatia,,2020-08-01,0,1,0,2,1,2,0,0,1,0,1,1
1381,Croatia,,2020-08-02,2,2,0,0,0,2,1,2,0,1,1,0
1382,Croatia,,2020-08-03,1,0,0,2,1,0,1,3,0,2,1,0
1383,Croatia,,2020-08-04,0,0,0,1,1,0,1,2,0,0,1,1
1384,Croatia,,2020-08-05,2,1,0,3,1,0,0,1,0,1,0,0
1385,Cuba,,2020-08-01,2,1,0,2,0,2,0,0,1,0,0,3
1386,Cuba,,2020-08-02,1,1,1,1,1,2,1,3,0,0,1,3
1387,Cuba,,2020-08-03,1,0,1,0,0,1,1,3,1,2,1,3
1388,Cuba,,2020-08-04,1,0,1,3,1,0,0,3,1,2,0,2
1389,Cuba,,2020-08-05,1,2,1,2,1,1,1,2,0,0,1,1
1390,Cyprus,,2020-08-01,1,2,0,2,1,1,0,3,0,0,1,3
1391,Cyprus,,2020-08-02,1,2,0,3,0,1,1,3,0,2,1,0
1392,Cyprus,,2020-08-03,0,2,1,2,1,0,1,0,0,1,1,0
1393,Cyprus,,2020-08-04,1,0,0,2,0,2,0,3,1,2,1,2
1394,Cyprus,,2020-08-05,1,2,1,3,1,2,1,3,1,1,1,3
1395,Czech Republic,,2020-08-01,0,2,1,1,0,1,1,3,0,1,1,2
1396,Czech Republic,,2020-08-02,1,1,1,2,1,0,1,1,1,0,0,0
1397,Czech Republic,,2020-08-03,1,1,1,0,0,1,1,2,1,1,1,1
1398,Czech Republic,,2020-08-04,1,1,0,2,0,0,0,0,1,0,1,2
1399,Czech Republic,,2020-08-05,0,0,1,1,1,1,1,3,1,0,0,0
1400,Democratic Republic of Congo,,2020-08-01,2,1,1,0,0,1,0,3,0,2,0,2
1401,Democratic Republic of Congo,,2020-08-02,2,1,1,3,0,1,1,0,1,0,0,3
1402,Democratic Republic of Congo,,2020-08-03,0,1,1,3,1,0,0,1,0,0,0,3
1403,Democratic Republic of Congo,,2020-08-04,1,0,1,1,1,1,0,0,1,2,1,0
1404,Democratic Republic of Congo,,2020-08-05,0,2,0,3,0,2,1,3,1,1,1,0
1405,Denmark,,2020-08-01,0,0,0,2,0,1,0,2,1,1,0,0
1406,Denmark,,2020-08-02,0,0,1,3,1,1,1,2,1,0,1,3
1407,Denmark,,2020-08-03,0,1,0,1,0,1,1,2,1,2,0,1
1408,Denmark,,2020-08-04,1,2,0,2,0,2,0,0,0,1,1,1
1409,Denmark,,2020-08-05,2,2,0,1,1,1,0,2,1,1,1,0
1410,Djibouti,,2020-08-01,1,0,1,1,1,0,1,0,1,1,1,1
1411,Djibouti,,2020-08-02,2,1,0,0,1,1,1,0,0,0,1,3
1412,Djibouti,,2020-08-03,0,0,0,1,1,0,1,3,1,1,1,1
1413,Djibouti,,2020-08-04,1,2,1,2,1,2,0,2,1,0,0,2
1414,Djibouti,,2020-08-05,2,0,1,0,0,2,0,3,1,2,1,2
1415,Dominica,,2020-08-01,0,0,0,3,1,1,1,2,0,1,1,3
1416,Dominica,,2020-08-02,2,1,0,0,1,2,0,0,0,1,0,1
1417,Dominica,,2020-08-03,0,0,0,2,0,2,0,3,0,1,0,3
1418,Dominica,,2020-08-04,1,1,0,2,0,0,0,2,1,0,0,0
1419,Dominica,,2020-08-05,0,0,0,0,0,2,1,2,1,1,0,2
1420,Dominican Republic,,2020-08-01,1,1,1,2,0,1,1,2,0,1,0,2
1421,Dominican Republic,,2020-08-02,1,0,0,0,0,2,1,2,0,2,1,0
1422,Dominican Republic,,2020-08-03,1,1,1,3,0,2,0,1,1,0,0,3
1423,Dominican Republic,,2020-08-04,0,0,1,0,0,1,0,1,0,0,0,3
1424,Dominican Republic,,2020-08-05,2,0,1,1,0,1,1,1,0,1,0,3
1425,Ecuador,,2020-08-01,1,2,0,1,0,2,0,1,0,2,0,3
1426,Ecuador,,2020-08-02,0,2,0,0,1,0,1,3,0,2,1,0
1427,Ecuador,,2020-08-03,0,0,1,2,1,0,0,3,1,1,1,1
1428,Ecuador,,2020-08-04,1,2,0,3,0,2,1,3,1,2,1,2
1429,Ecuador,,2020-08-05,0,1,1,3,0,2,0,2,1,0,1,3
1430,Egypt,,2020-08-01,1,2,0,1,1,0,1,2,0,1,1,0
1431,Egypt,,2020-08-02,1,2,1,2,1,2,0,3,1,1,1,0
1432,Egypt,,2020-08-03,1,1,1,0,1,2,1,3,1,2,0,2
1433,Egypt,,2020-08-04,1,1,1,3,1,1,0,2,0,0,1,0
1434,Egypt,,2020-08-05,2,1,0,2,1,2,1,2,0,1,1,1
1435,El Salvador,,2020-08-01,1,0,1,2,1,2,0,0,1,0,1,2
1436,El Salvador,,2020-08-02,0,0,0,2,0,2,0,1,0,1,1,1
1437,El Salvador,,2020-08-03,1,1,0,3,0,2,0,2,0,1,1,0
1438,El Salvador,,2020-08-04,1,0,1,1,0,2,1,2,1,2,1,0
1439,El Salvador,,2020-08-05,1,2,1,3,1,1,0,2,1,1,1,2
1440,Eritrea,,2020-08-01,1,2,1,3,0,0,0,3,1,0,1,3
1441,Eritrea,,2020-08-02,0,2,1,1,1,1,1,2,0,2,0,1
1442,Eritrea,,2020-08-03,2,1,1,0,0,1,0,0,1,0,0,1
1443,Eritrea,,2020-08-04,0,2,0,0,1,1,0,2,1,1,0,1
1444,Eritrea,,2020-08-05,2,1,0,2,1,0,0,1,1,1,0,3
1445,Estonia,,2020-08-01,0,0,1,2,0,1,1,1,0,2,0,3
1446,Estonia,,2020-08-02,0,1,1,3,0,1,0,0,1,1,0,0
1447,Estonia,,2020-08-03,2,2,0,3,0,0,0,0,1,1,0,3
1448,Estonia,,2020-08-04,2,0,1,0,1,1,0,0,1,0,0,1
1449,Estonia,,2020-08-05,2,0,0,0,0,2,0,1,0,0,1,1
1450,Eswatini,,2020-08-01,2,2,1,0,0,2,0,2,0,1,1,1
1451,Eswatini,,2020-08-02,1,2,0,3,1,2,0,3,1,0,0,3
1452,Eswatini,,2020-08-03,1,2,1,0,1,1,1,3,1,1,0,0
1453,Eswatini,,2020-08-04,2,2,1,0,1,0,0,2,1,1,1,3
1454,Eswatini,,2020-08-05,1,2,1,0,0,2,0,0,1,1,1,1
1455,Ethiopia,,2020-08-01,2,1,1,0,1,1,0,3,1,0,1,2
1456,Ethiopia,,2020-08-02,0,2,1,3,1,2,0,3,0,1,0,2
1457,Ethiopia,,2020-08-03,2,2,0,1,1,0,1,0,1,2,0,2
1458,Ethiopia,,2020-08-04,2,0,0,1,1,1,0,3,0,1,0,1
1459,Ethiopia,,2020-08-05,1,2,1,3,0,1,1,3,1,1,1,2
1460,Faeroe Islands,,2020-08-01,2,1,1,1,0,2,0,1,0,0,0,1
1461,Faeroe Islands,,2020-08-02,0,2,0,3,0,0,0,0,0,1,0,2
1462,Faeroe Islands,,2020-08-03,1,2,0,1,1,1,1,2,0,0,0,2
1463,Faeroe Islands,,2020-08-04,2,1,1,0,0,2,0,0,1,2,0,0
1464,Faeroe Islands,,2020-08-05,1,0,1,3,1,2,0,3,0,2,1,2
1465,Fiji,,2020-08-01,1,2,1,3,1,1,1,0,0,1,0,2
1466,Fiji,,2020-08-02,0,2,0,1,0,1,0,3,1,2,1,0
1467,Fiji,,2020-08-03,1,1,0,2,0,2,0,1,1,0,0,0
1468,Fiji,,2020-08-04,1,2,0,3,1,0,1,1,1,0,0,3
1469,Fiji,,2020-08-05,1,1,1,2,1,2,0,2,1,2,1,1
1470,Finland,,2020-08-01,1,1,0,1,0,2,1,3,0,0,0,2
1471,Finland,,2020-08-02,2,0,0,3,1,2,1,0,0,2,1,3
1472,Finland,,2020-08-03,2,0,0,0,1,0,1,1,0,1,0,0
1473,Finland,,2020-08-04,1,1,1,0,0,1,0,0,0,0,1,2
1474,Finland,,2020-08-05,1,0,0,2,1,1,0,1,0,1,0,1
1475,France,,2020-08-01,2,2,0,1,1,2,0,2,1,0,0,2
1476,France,,2020-08-02,2,1,1,1,1,2,0,1,0,2,1,2
1477,France,,2020-08-03,0,2,0,2,0,1,0,2,0,1,1,1
1478,France,,2020-08-04,1,1,0,0,0,1,1,3,0,2,1,0
1479,France,,2020-08-05,2,2,1,0,0,2,0,3,0,1,1,0
1480,Gabon,,2020-08-01,1,2,0,2,0,0,0,0,0,2,0,0
1481,Gabon,,2020-08-02,2,0,0,3,1,1,1,2,0,2,0,1
1482,Gabon,,2020-08-03,0,1,1,2,0,0,0,2,0,1,1,0
1483,Gabon,,2020-08-04,2,1,1,0,0,2,1,1,0,1,0,1
1484,Gabon,,2020-08-05,0,1,0,3,0,2,1,3,1,1,1,1
1485,Gambia,,2020-08-01,0,1,1,1,1,0,0,1,0,0,1,0
1486,Gambia,,2020-08-02,0,2,1,3,1,0,1,3,0,0,1,1
1487,Gambia,,2020-08-03,0,0,0,0,0,1,1,1,1,0,1,0
1488,Gambia,,2020-08-04,2,0,0,1,1,1,1,1,0,0,1,2
1489,Gambia,,2020-08-05,1,0,0,0,1,0,0,0,0,2,0,0
1490,Georgia,,2020-08-01,1,0,1,1,0,0,0,3,1,0,0,3
1491,Georgia,,2020-08-02,0,1,0,2,0,0,1,3,0,2,1,0
1492,Georgia,,2020-08-03,0,1,0,3,0,0,0,0,0,2,0,2
1493,Georgia,,2020-08-04,0,1,1,2,1,0,1,2,1,1,0,1
1494,Georgia,,2020-08-05,1,0,0,2,0,0,0,2,0,2,0,1
1495,Germany,,2020-08-01,0,2,0,0,0,1,1,3,0,1,1,1
1496,Germany,,2020-08-02,0,1,1,0,0,0,1,0,1,0,1,3
1497,Germany,,2020-08-03,1,2,0,0,0,2,0,3,1,1,1,2
1498,Germany,,2020-08-04,0,0,1,0,1,1,0,0,1,1,1,1
1499,Germany,,2020-08-05,1,1,0,1,0,0,1,0,1,0,0,3
1500,Ghana,,2020-08-01,2,2,0,1,0,0,0,2,0,2,0,2
1501,Ghana,,2020-08-02,0,1,0,0,1,1,1,3,1,0,0,0
1502,Ghana,,2020-08-03,1,2,1,3,1,2,0,2,0,1,0,0
1503,Ghana,,2020-08-04,0,0,1,1,0,2,1,0,1,1,0,3
1504,Ghana,,2020-08-05,0,2,1,3,0,1,1,0,0,2,1,0
1505,Greece,,2020-08-01,0,2,0,0,0,0,0,1,1,0,0,1
1506,Greece,,2020-08-02,0,0,0,2,0,2,1,1,1,0,0,3
1507,Greece,,2020-08-03,1,0,1,3,1,2,1,3,0,0,0,2
1508,Greece,,2020-08-04,0,0,0,0,1,0,0,3,1,2,1,3
1509,Greece,,2020-08-05,2,2,0,0,1,1,1,2,0,0,0,2
1510,Greenland,,2020-08-01,1,1,0,1,1,1,0,3,1,1,0,2
1511,Greenland,,2020-08-02,0,0,0,1,0,2,0,3,0,0,1,2
1512,Greenland,,2020-08-03,0,0,0,0,0,2,1,2,0,2,0,2
1513,Greenland,,2020-08-04,2,2,1,1,1,2,0,2,0,2,0,1
1514,Greenland,,2020-08-05,2,1,1,3,1,0,1,3,0,0,1,1
1515,Guam,,2020-08-01,2,2,0,3,0,2,1,3,1,0,0,1
1516,Guam,,2020-08-02,2,1,0,3,1,1,0,1,1,2,1,3
1517,Guam,,2020-08-03,1,2,1,0,1,1,0,0,1,2,0,2
1518,Guam,,2020-08-04,2,1,0,2,1,2,1,1,0,1,1,2
1519,Guam,,2020-08-05,0,2,0,0,1,0,1,0,1,0,1,2
1520,Guatemala,,2020-08-01,0,1,0,0,1,1,0,2,1,1,0,2
1521,Guatemala,,2020-08-02,0,1,0,0,0,2,0,0,1,0,1,1
1522,Guatemala,,2020-08-03,1,1,1,2,0,1,0,0,0,1,0,0
1523,Guatemala,,2020-08-04,2,0,0,0,1,2,1,0,1,2,0,2
1524,Guatemala,,2020-08-05,0,1,1,1,0,2,1,3,0,1,0,1
1525,Guinea,,2020-08-01,0,1,1,3,0,1,1,0,1,2,0,2
1526,Guinea,,2020-08-02,1,1,0,0,0,0,0,3,0,2,1,0
1527,Guinea,,2020-08-03,1,2,0,1,1,0,0,1,0,0,1,3
1528,Guinea,,2020-08-04,0,1,0,1,0,2,1,0,1,1,1,2
1529,Guinea,,2020-08-05,0,0,1,1,0,1,0,2,0,1,0,3
1530,Guyana,,2020-08-01,0,0,1,3,1,1,1,0,1,0,1,1
1531,Guyana,,2020-08-02,0,2,0,0,1,1,1,0,1,2,1,0
1532,Guyana,,2020-08-03,1,0,0,1,1,0,0,2,0,1,0,2
1533,Guyana,,2020-08-04,1,1,1,2,1,2,0,2,0,2,1,2
1534,Guyana,,2020-08-05,2,2,0,2,1,0,0,3,1,2,1,0
1535,Haiti,,2020-08-01,1,0,1,3,0,0,1,2,1,2,1,2
1536,Haiti,,2020-08-02,1,0,0,2,0,1,0,2,1,1,0,1
1537,Haiti,,2020-08-03,1,2,0,0,1,1,1,3,0,2,1,0
1538,Haiti,,2020-08-04,0,1,1,2,0,2,0,3,0,2,1,0
1539,Haiti,,2020-08-05,2,0,1,2,1,2,0,1,0,2,0,3
1540,Honduras,,2020-08-01,1,1,1,2,0,0,1,2,1,1,1,0
1541,Honduras,,2020-08-02,1,2,1,1,0,2,1,3,0,1,0,2
1542,Honduras,,2020-08-03,2,1,1,1,1,0,1,1,1,2,0,1
1543,Honduras,,2020-08-04,1,1,0,1,1,0,0,2,0,2,1,2
1544,Honduras,,2020-08-05,0,1,1,3,1,2,0,1,1,0,1,1
1545,Hong Kong,,2020-08-01,0,1,1,2,1,0,1,0,0,2,0,3
1546,Hong Kong,,2020-08-02,2,2,0,1,0,2,1,0,1,1,1,3
1547,Hong Kong,,2020-08-03,1,1,1,3,1,0,0,0,0,2,1,1
1548,Hong Kong,,2020-08-04,1,1,1,2,1,2,0,3,0,2,0,0
1549,Hong Kong,,2020-08-05,0,0,0,0,1,1,0,3,0,2,0,3
1550,Hungary,,2020-08-01,2,0,1,2,0,2,1,1,1,2,1,0
1551,Hungary,,2020-08-02,0,0,1,2,0,2,0,2,0,0,0,3
1552,Hungary,,2020-08-03,2,2,0,1,1,2,0,0,1,0,1,1
1553,Hungary,,2020-08-04,2,1,0,3,1,0,1,3,0,1,1,2
1554,Hungary,,2020-08-05,1,0,0,3,0,2,1,1,0,2,0,3
1555,Iceland,,2020-08-01,1,0,0,2,1,2,1,3,1,2,1,3
1556,Iceland,,2020-08-02,2,2,1,1,0,0,1,0,0,1,1,3
1557,Iceland,,2020-08-03,1,0,1,1,0,2,1,0,0,0,0,2
1558,Iceland,,2020-08-04,2,2,0,0,0,0,1,0,1,1,1,0
1559,Iceland,,2020-08-05,2,1,0,2,1,1,1,2,1,0,0,3
1560,India,,2020-08-01,1,1,1,3,1,2,1,1,0,1,0,1
1561,India,,2020-08-02,1,1,0,0,1,2,0,1,0,1,0,0
1562,India,,2020-08-03,0,0,0,2,1,1,0,3,1,0,0,2
1563,India,,2020-08-04,1,2,1,2,1,2,0,1,0,2,1,3
1564,India,,2020-08-05,1,1,0,0,1,1,1,1,1,2,1,2
1565,Indonesia,,2020-08-01,1,1,1,0,1,0,0,3,1,0,0,0
1566,Indonesia,,2020-08-02,2,1,0,1,1,0,0,2,1,0,0,0
1567,Indonesia,,2020-08-03,1,1,1,3,1,2,0,0,1,2,0,2
1568,Indonesia,,2020-08-04,0,1,0,3,1,1,0,2,1,0,1,1
1569,Indonesia,,2020-08-05,2,0,0,2,0,0,1,1,0,0,0,3
1570,Iran,,2020-08-01,1,1,1,2,1,0,1,1,1,0,1,1
1571,Iran,,2020-08-02,1,1,1,1,0,0,1,1,1,0,0,3
1572,Iran,,2020-08-03,0,0,1,0,1,0,0,0,1,1,0,2
1573,Iran,,2020-08-04,0,2,1,0,1,2,1,3,1,0,1,2
1574,Iran,,2020-08-05,1,0,0,0,1,0,0,2,1,0,0,2
1575,Iraq,,2020-08-01,0,1,1,0,0,2,0,0,1,1,1,3
1576,Iraq,,2020-08-02,0,2,1,2,0,0,0,0,1,2,0,1
1577,Iraq,,2020-08-03,2,2,1,3,0,0,0,3,1,0,1,0
1578,Iraq,,2020-08-04,2,0,0,2,0,2,1,3,0,0,0,0
1579,Iraq,,2020-08-05,2,1,1,3,1,0,1,0,1,0,1,2
1580,Ireland,,2020-08-01,2,0,0,1,0,0,0,0,1,2,1,2
1581,Ireland,,2020-08-02,0,2,0,1,1,2,1,3,0,0,0,1
1582,Ireland,,2020-08-03,0,2,0,2,0,0,1,3,1,1,1,0
1583,Ireland,,2020-08-04,0,0,0,1,0,2,0,3,0,0,0,2
1584,Ireland,,2020-08-05,1,2,1,0,0,0,0,2,1,0,0,2
1585,Israel,,2020-08-01,0,1,0,1,1,1,0,2,1,1,0,3
1586,Israel,,2020-08-02,1,2,1,0,1,1,0,3,1,1,1,1
1587,Israel,,2020-08-03,0,1,0,0,1,0,1,0,0,2,0,2
1588,Israel,,2020-08-04,2,0,0,3,0,0,0,0,0,2,1,0
1589,Israel,,2020-08-05,2,0,0,1,1,2,1,1,1,2,0,1
1590,Italy,,2020-08-01,2,1,0,1,0,2,0,2,1,2,1,1
1591,Italy,,2020-08-02,2,2,0,3,1,0,0,1,1,0,0,3
1592,Italy,,2020-08-03,2,0,0,0,0,0,0,3,0,1,0,2
1593,Italy,,2020-08-04,1,2,1,0,0,1,1,0,1,0,1,1
1594,Italy,,2020-08-05,2,2,0,2,1,2,0,1,0,0,1,1
1595,Jamaica,,2020-08-01,0,1,1,1,0,0,0,2,0,1,0,3
1596,Jamaica,,2020-08-02,2,0,0,0,1,2,1,2,0,0,0,2
1597,Jamaica,,2020-08-03,0,0,1,1,0,2,1,0,1,2,1,2
1598,Jamaica,,2020-08-04,2,2,0,2,1,1,0,2,1,1,1,2
1599,Jamaica,,2020-08-05,0,2,0,3,1,0,0,3,1,2,1,1
1600,Japan,,2020-08-01,2,1,0,1,1,0,0,1,1,2,0,1
1601,Japan,,2020-08-02,2,1,1,1,0,0,0,2,1,2,1,0
1602,Japan,,2020-08-03,0,1,1,3,0,1,1,0,1,0,0,2
1603,Japan,,2020-08-04,0,0,1,0,1,2,0,3,1,1,1,1
1604,Japan,,2020-08-05,2,2,0,1,1,0,0,2,1,0,1,1
1605,Jordan,,2020-08-01,1,2,1,1,0,0,1,0,0,1,1,0
1606,Jordan,,2020-08-02,1,0,0,3,1,2,0,1,0,1,1,1
1607,Jordan,,2020-08-03,0,0,1,2,0,2,0,0,1,0,0,1
1608,Jordan,,2020-08-04,1,1,1,2,0,2,1,1,1,1,1,1
1609,Jordan,,2020-08-05,1,2,0,3,1,1,0,2,0,1,1,3
1610,Kazakhstan,,2020-08-01,1,2,1,3,1,1,1,3,0,2,0,2
1611,Kazakhstan,,2020-08-02,1,2,0,0,0,0,0,3,1,2,0,2
1612,Kazakhstan,,2020-08-03,0,2,1,1,0,0,0,1,1,1,0,2
1613,Kazakhstan,,2020-08-04,1,2,0,1,1,0,1,0,1,0,0,2
1614,Kazakhstan,,2020-08-05,0,0,1,1,1,1,1,2,1,0,1,1
1615,Kenya,,2020-08-01,1,2,0,3,1,0,1,1,0,0,1,1
1616,Kenya,,2020-08-02,1,2,1,2,1,2,1,0,1,1,0,3
1617,Kenya,,2020-08-03,0,0,0,1,1,0,1,3,0,1,1,2
1618,Kenya,,2020-08-04,2,0,0,1,1,2,1,0,0,2,0,3
1619,Kenya,,2020-08-05,1,1,0,1,0,1,0,3,1,0,1,3
1620,Kosovo,,2020-08-01,1,2,1,0,1,0,0,2,0,0,1,0
1621,Kosovo,,2020-08-02,1,1,0,3,1,1,0,1,1,1,0,3
1622,Kosovo,,2020-08-03,2,2,0,3,0,0,1,1,1,0,0,2
1623,Kosovo,,2020-08-04,0,0,1,1,1,0,1,2,0,2,1,2
1624,Kosovo,,2020-08-05,2,1,1,0,1,1,0,1,0,2,0,3
1625,Kuwait,,2020-08-01,2,2,0,2,0,0,0,3,0,2,1,0
1626,Kuwait,,2020-08-02,0,2,1,0,1,1,1,2,0,2,0,0
1627,Kuwait,,2020-08-03,1,1,1,1,1,1,1,0,0,1,1,1
1628,Kuwait,,2020-08-04,0,2,0,3,1,1,0,3,1,0,0,3
1629,Kuwait,,2020-08-05,2,2,1,2,1,0,0,2,0,0,1,3
1630,Kyrgyz Republic,,2020-08-01,2,0,0,3,0,0,0,1,1,0,0,1
1631,Kyrgyz Republic,,2020-08-02,2,0,0,3,0,2,0,3,1,1,0,2
1632,Kyrgyz Republic,,2020-08-03,1,1,1,0,1,2,0,1,0,0,0,2
1633,Kyrgyz Republic,,2020-08-04,0,0,0,3,0,0,1,3,0,1,0,2
1634,Kyrgyz Republic,,2020-08-05,2,2,0,2,1,1,0,3,1,1,0,1
1635,Laos,,2020-08-01,0,0,1,0,1,1,1,1,1,2,0,0
1636,Laos,,2020-08-02,2,1,1,2,1,0,1,3,1,1,1,0
1637,Laos,,2020-08-03,0,2,1,2,1,1,0,1,1,0,1,2
1638,Laos,,2020-08-04,0,2,1,1,0,2,0,1,1,0,1,3
1639,Laos,,2020-08-05,2,0,0,3,0,2,1,1,0,2,0,2
1640,Latvia,,2020-08-01,0,2,0,0,1,1,1,3,1,1,0,3
1641,Latvia,,2020-08-02,1,2,1,3,0,2,1,1,0,0,1,2
1642,Latvia,,2020-08-03,1,1,0,1,1,1,0,1,1,1,1,0
1643,Latvia,,2020-08-04,0,0,1,1,1,0,1,0,1,0,1,2
1644,Latvia,,2020-08-05,2,2,0,1,0,1,0,3,0,2,0,0
1645,Lebanon,,2020-08-01,1,0,0,2,1,1,1,3,1,1,1,2
1646,Lebanon,,2020-08-02,2,0,0,3,1,0,0,1,0,0,0,0
1647,Lebanon,,2020-08-03,2,2,1,0,0,1,1,0,1,0,1,2
1648,Lebanon,,2020-08-04,1,1,1,3,0,2,1,0,0,2,1,0
1649,Lebanon,,2020-08-05,2,0,0,2,1,1,0,3,0,1,0,0
1650,Lesotho,,2020-08-01,0,1,0,2,0,2,1,1,0,0,1,0
1651,Lesotho,,2020-08-02,0,1,1,0,1,0,0,2,1,1,1,2
1652,Lesotho,,2020-08-03,1,0,1,3,1,1,1,3,0,2,1,0
1653,Lesotho,,2020-08-04,0,1,0,2,1,1,0,0,1,2,0,1
1654,Lesotho,,2020-08-05,0,0,0,0,0,2,1,2,0,2,1,2
1655,Liberia,,2020-08-01,0,2,1,2,0,1,0,3,1,2,0,2
1656,Liberia,,2020-08-02,1,1,1,1,0,2,1,3,0,0,1,3
1657,Liberia,,2020-08-03,0,0,0,0,1,2,1,2,0,0,1,3
1658,Liberia,,2020-08-04,1,1,0,2,0,0,1,0,1,1,1,0
1659,Liberia,,2020-08-05,0,1,0,0,0,2,0,0,1,2,0,3
1660,Libya,,2020-08-01,1,2,0,0,0,1,0,2,1,1,0,0
1661,Libya,,2020-08-02,2,2,1,1,0,0,0,2,0,1,1,2
1662,Libya,,2020-08-03,0,2,1,2,0,0,1,2,0,1,1,0
1663,Libya,,2020-08-04,2,1,1,0,0,2,0,0,0,1,0,3
1664,Libya,,2020-08-05,2,2,1,0,1,0,1,3,0,0,1,2
1665,Lithuania,,2020-08-01,1,2,0,1,1,0,0,0,1,2,1,1
1666,Lithuania,,2020-08-02,0,0,1,0,1,2,0,3,0,1,0,3
1667,Lithuania,,2020-08-03,1,1,0,3,1,2,0,1,0,1,1,3
1668,Lithuania,,2020-08-04,1,0,1,0,0,0,0,0,1,0,0,3
1669,Lithuania,,2020-08-05,0,1,1,3,1,2,0,2,1,0,0,0
1670,Luxembourg,,2020-08-01,0,2,1,3,1,0,1,2,1,2,0,3
1671,Luxembourg,,2020-08-02,0,0,1,0,0,2,1,0,1,0,0,2
1672,Luxembourg,,2020-08-03,2,2,0,0,1,2,0,1,1,2,0,2
1673,Luxembourg,,2020-08-04,1,0,0,3,1,1,0,3,1,1,1,3
1674,Luxembourg,,2020-08-05,2,1,0,3,0,2,1,3,1,0,1,3
1675,Macao,,2020-08-01,2,1,0,2,1,1,1,1,0,0,0,2
1676,Macao,,2020-08-02,2,0,0,2,1,0,0,1,0,1,1,0
1677,Macao,,2020-08-03,0,1,0,3,0,0,0,3,0,1,1,0
1678,Macao,,2020-08-04,1,1,0,1,0,0,1,0,0,0,1,3
1679,Macao,,2020-08-05,0,0,1,1,0,1,0,1,0,2,1,2
1680,Madagascar,,2020-08-01,0,0,0,3,1,0,0,1,0,2,0,0
1681,Madagascar,,2020-08-02,0,2,1,1,1,0,0,0,1,1,0,1
1682,Madagascar,,2020-08-03,1,2,1,1,0,2,1,3,0,0,0,0
1683,Madagascar,,2020-08-04,1,1,1,1,1,0,1,1,1,1,0,2
1684,Madagascar,,2020-08-05,1,1,0,1,1,2,0,1,0,2,0,0
1685,Malawi,,2020-08-01,2,0,0,2,0,2,0,0,0,2,0,1
1686,Malawi,,2020-08-02,0,0,1,1,1,2,0,0,0,1,0,1
1687,Malawi,,2020-08-03,0,0,0,0,0,1,0,3,0,1,0,2
1688,Malawi,,2020-08-04,2,2,1,0,1,1,1,3,1,1,1,2
1689,Malawi,,2020-08-05,2,2,0,2,1,1,1,3,0,2,0,0
1690,Malaysia,,2020-08-01,2,1,1,3,0,2,1,1,1,2,1,3
1691,Malaysia,,2020-08-02,2,1,1,3,0,1,0,2,1,0,0,2
1692,Malaysia,,2020-08-03,1,1,0,0,1,2,1,3,1,2,1,3
1693,Malaysia,,2020-08-04,2,1,1,2,1,2,1,0,0,1,1,3
1694,Malaysia,,2020-08-05,1,1,1,3,0,1,1,1,0,0,0,3
1695,Mali,,2020-08-01,1,0,1,0,1,1,0,2,1,0,1,2
1696,Mali,,2020-08-02,2,1,0,2,0,0,0,2,0,0,1,3
1697,Mali,,2020-08-03,1,0,0,2,1,0,0,0,1,2,0,1
1698,Mali,,2020-08-04,1,0,1,3,1,1,0,3,1,0,0,2
1699,Mali,,2020-08-05,2,1,1,2,0,0,1,0,0,2,0,2
1700,Mauritania,,2020-08-01,2,0,1,0,0,0,1,0,1,2,1,1
1701,Mauritania,,2020-08-02,0,1,1,2,0,2,1,0,0,2,0,0
1702,Mauritania,,2020-08-03,1,0,0,3,0,0,0,0,0,1,0,1
1703,Mauritania,,2020-08-04,1,2,0,1,0,2,1,3,1,2,0,0
1704,Mauritania,,2020-08-05,1,2,1,3,0,2,0,3,1,0,1,3
1705,Mauritius,,2020-08-01,0,0,0,3,0,0,1,1,0,2,1,0
1706,Mauritius,,2020-08-02,0,1,1,2,0,0,0,0,0,1,0,2
1707,Mauritius,,2020-08-03,0,0,0,2,0,0,1,1,0,0,0,1
1708,Mauritius,,2020-08-04,1,2,0,2,1,2,1,0,0,2,1,3
1709,Mauritius,,2020-08-05,2,1,0,3,1,0,1,1,0,2,0,2
1710,Mexico,,2020-08-01,2,0,0,1,1,0,0,0,0,0,1,1
1711,Mexico,,2020-08-02,1,0,0,2,0,2,1,3,1,0,0,0
1712,Mexico,,2020-08-03,1,2,1,3,1,1,1,0,1,2,0,1
1713,Mexico,,2020-08-04,1,1,1,2,0,0,0,1,1,1,0,0
1714,Mexico,,2020-08-05,0,1,0,1,0,0,0,3,1,2,1,1
1715,Moldova,,2020-08-01,2,0,1,1,0,0,1,1,1,0,0,3
1716,Moldova,,2020-08-02,1,0,0,0,1,2,1,2,0,0,0,2
1717,Moldova,,2020-08-03,1,0,0,3,0,1,0,2,1,1,0,3
1718,Moldova,,2020-08-04,0,1,1,0,1,0,1,3,1,1,1,1
1719,Moldova,,2020-08-05,2,0,0,3,1,1,1,1,0,2,0,2
1720,Monaco,,2020-08-01,1,2,1,3,1,1,1,1,0,2,1,3
1721,Monaco,,2020-08-02,0,2,1,0,1,1,1,3,1,0,0,2
1722,Monaco,,2020-08-03,2,1,1,0,0,2,0,1,0,1,1,0
1723,Monaco,,2020-08-04,2,2,1,3,0,2,0,2,0,2,1,3
1724,Monaco,,2020-08-05,0,1,0,2,1,2,0,3,0,1,1,3
1725,Mongolia,,2020-08-01,2,0,1,2,0,0,1,0,1,1,1,1
1726,Mongolia,,2020-08-02,1,0,0,1,1,1,1,0,1,0,1,2
1727,Mongolia,,2020-08-03,2,2,0,1,0,0,1,2,1,2,1,3
1728,Mongolia,,2020-08-04,2,2,0,3,0,1,0,2,1,2,0,1
1729,Mongolia,,2020-08-05,0,0,0,1,0,0,0,3,0,1,1,2
1730,Morocco,,2020-08-01,2,1,0,1,1,0,1,2,0,0,0,1
1731,Morocco,,2020-08-02,0,0,0,0,0,1,0,2,0,1,1,3
1732,Morocco,,2020-08-03,2,0,1,2,0,2,0,0,0,1,1,1
1733,Morocco,,2020-08-04,0,0,1,2,0,1,0,3,1,2,1,2
1734,Morocco,,2020-08-05,0,1,0,0,0,1,1,2,0,2,1,3
1735,Mozambique,,2020-08-01,1,0,1,0,0,2,1,2,0,1,0,3
1736,Mozambique,,2020-08-02,1,0,0,1,0,1,0,0,0,1,0,3
1737,Mozambique,,2020-08-03,2,1,0,2,1,0,0,0,0,0,1,3
1738,Mozambique,,2020-08-04,1,0,0,1,1,2,0,2,1,0,0,0
1739,Mozambique,,2020-08-05,0,0,1,3,0,2,0,3,1,0,0,3
1740,Myanmar,,2020-08-01,2,2,1,3,1,0,0,2,1,2,1,0
1741,Myanmar,,2020-08-02,2,1,0,3,0,2,0,2,1,2,1,2
1742,Myanmar,,2020-08-03,2,0,0,1,1,1,1,3,0,0,1,3
1743,Myanmar,,2020-08-04,2,0,1,0,0,1,1,2,0,2,0,3
1744,Myanmar,,2020-08-05,1,0,0,2,1,2,0,1,1,2,0,0
1745,Namibia,,2020-08-01,1,0,1,1,1,0,0,3,1,2,0,3
1746,Namibia,,2020-08-02,1,0,0,3,1,0,0,1,1,1,1,2
1747,Namibia,,2020-08-03,1,2,1,1,1,1,0,2,0,1,0,1
1748,Namibia,,2020-08-04,2,2,1,1,1,1,1,2,0,2,1,0
1749,Namibia,,2020-08-05,1,2,1,2,1,2,0,1,0,1,0,3
1750,Nepal,,2020-08-01,0,1,1,0,0,1,0,1,1,1,0,2
1751,Nepal,,2020-08-02,1,2,1,3,0,2,1,0,1,0,0,3
1752,Nepal,,2020-08-03,1,1,1,3,0,1,1,1,0,0,0,3
1753,Nepal,,2020-08-04,2,2,1,3,1,0,1,3,0,2,1,1
1754,Nepal,,2020-08-05,2,1,0,2,0,2,1,1,1,2,1,3
1755,Netherlands,,2020-08-01,0,2,0,3,1,1,1,0,0,1,1,2
1756,Netherlands,,2020-08-02,0,1,1,3,1,1,1,0,0,1,1,1
1757,Netherlands,,2020-08-03,2,0,0,0,1,0,0,3,1,0,1,1
1758,Netherlands,,2020-08-04,0,2,1,0,0,2,0,0,1,1,0,2
1759,Netherlands,,2020-08-05,2,2,0,2,1,0,1,2,1,2,0,2
1760,New Zealand,,2020-08-01,0,1,1,3,1,1,1,0,1,0,1,3
1761,New Zealand,,2020-08-02,1,0,0,1,1,0,1,1,1,1,0,3
1762,New Zealand,,2020-08-03,2,2,1,3,1,2,0,3,0,0,0,3
1763,New Zealand,,2020-08-04,1,1,1,0,0,0,0,2,1,1,1,2
1764,New Zealand,,2020-08-05,0,0,0,2,1,0,1,1,0,2,1,1
1765,Nicaragua,,2020-08-01,2,1,0,3,1,1,1,2,1,1,0,0
1766,Nicaragua,,2020-08-02,0,2,0,1,1,0,0,2,1,1,0,0
1767,Nicaragua,,2020-08-03,2,1,0,2,0,1,0,3,0,0,0,2
1768,Nicaragua,,2020-08-04,2,0,1,3,1,2,0,1,1,2,1,3
1769,Nicaragua,,2020-08-05,1,0,1,2,1,2,1,0,1,0,1,3
1770,Niger,,2020-08-01,1,2,1,2,1,2,1,3,0,1,0,0
1771,Niger,,2020-08-02,1,0,1,3,0,2,1,3,1,1,0,1
1772,Niger,,2020-08-03,2,2,1,0,1,2,1,0,1,2,0,3
1773,Niger,,2020-08-04,2,2,0,1,1,0,0,0,1,2,1,0
1774,Niger,,2020-08-05,2,0,0,0,0,0,1,2,0,1,1,1
1775,Nigeria,,2020-08-01,2,2,1,2,1,0,0,0,1,2,0,3
1776,Nigeria,,2020-08-02,2,0,1,0,1,1,0,2,0,2,0,3
1777,Nigeria,,2020-08-03,2,2,1,0,0,0,1,1,0,1,0,0
1778,Nigeria,,2020-08-04,0,1,0,0,0,0,1,3,0,2,0,1
1779,Nigeria,,2020-08-05,0,1,1,0,1,0,0,2,1,1,1,0
1780,Norway,,2020-08-01,0,2,0,3,1,1,1,3,1,2,0,2
1781,Norway,,2020-08-02,1,0,1,3,1,2,0,2,1,2,1,3
1782,Norway,,2020-08-03,0,2,0,0,0,2,1,1,1,1,1,1
1783,Norway,,2020-08-04,0,1,0,0,1,2,1,2,1,0,0,2
1784,Norway,,2020-08-05,2,1,1,2,0,2,0,0,0,2,0,2
1785,Oman,,2020-08-01,2,0,1,3,0,1,1,0,0,0,0,2
1786,Oman,,2020-08-02,2,2,0,3,1,2,1,0,1,2,1,3
1787,Oman,,2020-08-03,1,0,1,3,0,2,1,2,1,2,1,2
1788,Oman,,2020-08-04,0,0,0,0,1,1,0,3,0,2,0,0
1789,Oman,,2020-08-05,1,2,1,2,0,0,0,1,1,0,1,2
1790,Pakistan,,2020-08-01,1,2,1,3,0,2,0,0,1,2,0,2
1791,Pakistan,,2020-08-02,0,0,0,3,1,1,1,1,0,2,0,3
1792,Pakistan,,2020-08-03,1,1,0,0,1,1,1,1,1,2,0,2
1793,Pakistan,,2020-08-04,0,0,0,2,0,2,0,2,0,2,0,2
1794,Pakistan,,2020-08-05,2,2,0,2,1,2,1,2,1,2,0,1
1795,Palestine,,2020-08-01,0,1,1,2,0,0,0,1,1,0,0,2
1796,Palestine,,2020-08-02,0,2,0,3,1,2,1,2,0,0,1,0
1797,Palestine,,2020-08-03,0,1,0,3,1,2,0,3,1,1,0,1
1798,Palestine,,2020-08-04,0,1,1,1,1,1,1,2,0,1,0,2
1799,Palestine,,2020-08-05,0,1,0,3,0,1,0,3,0,1,0,0
1800,Panama,,2020-08-01,1,1,1,3,0,0,1,2,0,0,1,0
1801,Panama,,2020-08-02,1,2,1,3,0,0,1,0,0,1,1,1
1802,Panama,,2020-08-03,1,1,0,3,0,1,1,3,0,2,1,2
1803,Panama,,2020-08-04,1,2,1,3,1,1,0,3,0,1,0,0
1804,Panama,,2020-08-05,2,1,1,1,1,0,1,2,0,1,0,1
1805,Papua New Guinea,,2020-08-01,1,1,1,1,1,2,0,3,0,0,1,3
1806,Papua New Guinea,,2020-08-02,2,0,1,2,1,0,0,1,1,1,0,3
1807,Papua New Guinea,,2020-08-03,1,0,1,2,1,2,1,3,0,0,1,2
1808,Papua New Guinea,,2020-08-04,2,2,0,3,1,0,0,2,0,0,1,0
1809,Papua New Guinea,,2020-08-05,2,0,0,2,0,1,0,0,1,0,1,0
1810,Paraguay,,2020-08-01,0,2,0,2,1,0,1,1,1,1,0,3
1811,Paraguay,,2020-08-02,2,2,0,0,0,0,0,0,0,1,0,1
1812,Paraguay,,2020-08-03,1,1,1,0,0,2,1,2,0,0,0,1
1813,Paraguay,,2020-08-04,0,2,1,1,1,1,0,3,1,1,0,1
1814,Paraguay,,2020-08-05,1,1,1,3,0,1,0,0,0,0,0,0
1815,Peru,,2020-08-01,0,0,0,2,1,1,1,1,1,1,1,3
1816,Peru,,2020-08-02,2,0,1,1,1,1,0,3,1,1,0,0
1817,Peru,,2020-08-03,0,2,0,1,0,0,1,2,1,2,0,0
1818,Peru,,2020-08-04,0,0,0,0,1,0,1,3,0,2,1,3
1819,Peru,,2020-08-05,1,2,1,1,1,2,0,1,0,0,0,3
1820,Philippines,,2020-08-01,0,1,0,1,1,0,0,3,0,1,1,2
1821,Philippines,,2020-08-02,2,1,1,0,1,0,1,3,1,0,0,1
1822,Philippines,,2020-08-03,2,1,0,2,0,0,1,0,0,0,1,3
1823,Philippines,,2020-08-04,0,0,1,2,1,0,0,1,0,0,1,0
1824,Philippines,,2020-08-05,1,0,1,2,0,1,1,1,1,0,1,2
1825,Poland,,2020-08-01,2,1,0,3,1,2,0,2,1,2,0,3
1826,Poland,,2020-08-02,0,0,1,2,1,0,1,1,0,1,1,2
1827,Poland,,2020-08-03,2,2,1,1,1,1,0,1,0,2,0,1
1828,Poland,,2020-08-04,2,0,0,3,0,0,1,1,0,0,0,2
1829,Poland,,2020-08-05,2,2,1,2,1,0,1,1,0,2,0,2
1830,Portugal,,2020-08-01,2,1,1,2,1,2,0,0,1,0,0,3
1831,Portugal,,2020-08-02,0,2,0,0,0,0,0,0,1,2,1,1
1832,Portugal,,2020-08-03,1,2,1,2,1,0,1,1,0,1,1,0
1833,Portugal,,2020-08-04,0,1,1,1,0,1,1,0,0,1,1,2
1834,Portugal,,2020-08-05,0,2,1,0,0,0,1,2,0,1,1,2
1835,Puerto Rico,,2020-08-01,1,2,0,1,1,2,1,1,1,1,1,3
1836,Puerto Rico,,2020-08-02,2,0,0,2,0,1,1,3,0,0,1,2
1837,Puerto Rico,,2020-08-03,0,0,0,3,1,0,0,3,0,0,0,1
1838,Puerto Rico,,2020-08-04,1,2,1,1,0,1,0,3,0,2,1,0
1839,Puerto Rico,,2020-08-05,2,0,1,1,0,2,1,2,0,1,1,2
1840,Qatar,,2020-08-01,2,0,1,1,1,1,0,2,1,2,1,1
1841,Qatar,,2020-08-02,2,1,1,1,0,2,1,2,0,1,1,1
1842,Qatar,,2020-08-03,0,2,0,1,0,0,0,2,1,2,0,0
1843,Qatar,,2020-08-04,2,0,1,2,0,2,0,1,0,1,1,2
1844,Qatar,,2020-08-05,0,2,1,3,0,1,1,1,0,0,1,2
1845,Romania,,2020-08-01,2,1,1,1,0,0,0,0,1,0,0,1
1846,Romania,,2020-08-02,0,2,0,2,1,0,0,0,1,1,1,1
1847,Romania,,2020-08-03,2,1,0,2,1,2,0,0,0,2,1,1
1848,Romania,,2020-08-04,0,1,1,3,1,2,1,0,0,2,0,1
1849,Romania,,2020-08-05,0,2,1,3,0,1,1,2,0,1,1,0
1850,Russia,,2020-08-01,1,1,1,1,0,1,1,2,1,1,0,2
1851,Russia,,2020-08-02,1,0,1,2,1,1,0,2,0,0,0,1
1852,Russia,,2020-08-03,1,0,1,2,1,1,0,3,0,2,0,2
1853,Russia,,2020-08-04,0,1,1,0,0,1,1,0,1,2,1,2
1854,Russia,,2020-08-05,1,2,1,2,1,1,0,0,1,0,1,0
1855,Rwanda,,2020-08-01,1,1,1,0,1,1,1,1,1,1,1,1
1856,Rwanda,,2020-08-02,1,0,0,3,1,1,1,3,1,2,1,1
1857,Rwanda,,2020-08-03,0,1,1,3,1,0,1,2,0,2,1,3
1858,Rwanda,,2020-08-04,1,1,0,1,1,2,1,3,1,2,0,1
1859,Rwanda,,2020-08-05,2,0,1,1,1,1,0,3,0,0,0,0
1860,San Marino,,2020-08-01,2,2,0,0,0,0,0,3,0,1,1,2
1861,San Marino,,2020-08-02,2,0,0,3,0,2,0,1,0,1,1,0
1862,San Marino,,2020-08-03,2,0,0,2,1,1,1,3,1,2,0,0
1863,San Marino,,2020-08-04,1,0,0,2,1,0,1,1,0,0,0,3
1864,San Marino,,2020-08-05,2,0,0,3,0,0,1,2,0,0,1,0
1865,Saudi Arabia,,2020-08-01,0,0,0,1,1,1,0,3,0,2,1,2
1866,Saudi Arabia,,2020-08-02,2,1,1,2,1,1,1,3,1,0,0,0
1867,Saudi Arabia,,2020-08-03,1,0,0,0,0,0,0,3,0,2,0,3
1868,Saudi Arabia,,2020-08-04,0,1,0,2,0,1,0,2,1,2,1,1
1869,Saudi Arabia,,2020-08-05,2,2,1,0,0,1,1,2,1,1,0,0
1870,Senegal,,2020-08-01,2,0,1,2,1,1,0,2,0,1,0,3
1871,Senegal,,2020-08-02,2,0,1,3,1,1,1,2,0,2,1,2
1872,Senegal,,2020-08-03,0,2,1,1,1,1,1,3,0,2,0,3
1873,Senegal,,2020-08-04,1,2,1,0,1,1,0,0,0,1,1,0
1874,Senegal,,2020-08-05,0,1,1,2,0,2,1,1,1,2,0,0
1875,Serbia,,2020-08-01,0,1,0,2,1,2,0,0,0,1,0,3
1876,Serbia,,2020-08-02,1,1,1,1,0,0,1,0,1,2,0,2
1877,Serbia,,2020-08-03,2,0,0,1,1,1,1,1,0,1,1,3
1878,Serbia,,2020-08-04,0,1,1,0,1,1,0,0,1,1,1,1
1879,Serbia,,2020-08-05,1,1,0,0,0,0,0,3,0,1,1,2
1880,Seychelles,,2020-08-01,2,0,0,0,0,0,0,3,0,0,1,0
1881,Seychelles,,2020-08-02,2,2,1,1,0,1,1,1,0,2,1,0
1882,Seychelles,,2020-08-03,0,2,0,2,1,1,0,3,1,2,0,2
1883,Seychelles,,2020-08-04,0,0,1,3,1,1,0,1,1,0,1,3
1884,Seychelles,,2020-08-05,2,2,1,3,0,1,0,0,0,0,1,3
1885,Sierra Leone,,2020-08-01,1,2,1,0,0,0,0,3,1,0,1,1
1886,Sierra Leone,,2020-08-02,1,1,0,1,0,2,1,2,1,1,0,2
1887,Sierra Leone,,2020-08-03,2,1,1,3,0,0,0,2,1,1,0,2
1888,Sierra Leone,,2020-08-04,2,2,1,3,1,1,0,2,0,2,0,1
1889,Sierra Leone,,2020-08-05,0,1,1,3,0,1,0,1,0,2,0,3
1890,Singapore,,2020-08-01,1,0,0,3,0,0,1,1,1,1,0,2
1891,Singapore,,2020-08-02,2,0,1,0,1,1,0,2,1,2,1,2
1892,Singapore,,2020-08-03,1,0,1,3,0,0,1,2,1,1,1,0
1893,Singapore,,2020-08-04,2,2,0,2,0,2,1,3,0,2,0,2
1894,Singapore,,2020-08-05,0,2,0,2,1,0,0,3,1,0,1,0
1895,Slovak Republic,,2020-08-01,2,1,0,0,0,0,1,2,1,2,0,0
1896,Slovak Republic,,2020-08-02,0,2,0,0,1,0,0,3,0,1,1,1
1897,Slovak Republic,,2020-08-03,1,2,1,2,0,1,0,2,1,0,1,1
1898,Slovak Republic,,2020-08-04,0,0,0,2,0,1,1,1,0,1,1,0
1899,Slovak Republic,,2020-08-05,0,0,1,3,0,1,1,0,0,2,0,1
1900,Slovenia,,2020-08-01,1,1,0,0,1,2,0,2,0,2,0,2
1901,Slovenia,,2020-08-02,1,1,1,1,1,1,0,3,1,0,1,2
1902,Slovenia,,2020-08-03,0,2,1,3,0,2,1,3,0,0,1,2
1903,Slovenia,,2020-08-04,1,2,1,1,0,0,1,0,0,2,0,2
1904,Slovenia,,2020-08-05,0,1,0,2,1,1,1,1,1,1,1,0
1905,Solomon Islands,,2020-08-01,2,2,1,2,1,1,1,1,0,0,0,0
1906,Solomon Islands,,2020-08-02,0,0,1,2,0,0,0,2,1,0,1,2
1907,Solomon Islands,,2020-08-03,1,0,0,3,0,1,1,0,0,1,1,3
1908,Solomon Islands,,2020-08-04,0,0,0,1,1,0,0,1,0,2,0,1
1909,Solomon Islands,,2020-08-05,0,2,1,0,1,1,0,0,0,1,0,2
1910,Somalia,,2020-08-01,0,1,0,3,0,2,0,2,1,0,1,3
1911,Somalia,,2020-08-02,1,0,0,3,0,2,0,2,0,1,1,3
1912,Somalia,,2020-08-03,2,0,1,2,0,0,0,2,1,2,1,1
1913,Somalia,,2020-08-04,0,1,0,0,1,2,0,2,1,2,0,3
1914,Somalia,,2020-08-05,1,0,1,3,1,0,0,1,1,2,0,2
1915,South Africa,,2020-08-01,0,0,1,0,0,0,0,1,0,0,1,1
1916,South Africa,,2020-08-02,2,0,1,2,1,2,1,0,1,1,1,1
1917,South Africa,,2020-08-03,1,2,0,3,0,0,0,1,0,0,0,0
1918,South Africa,,2020-08-04,0,2,1,0,1,0,0,3,1,0,0,2
1919,South Africa,,2020-08-05,2,1,0,2,1,1,1,0,1,2,1,3
1920,South Korea,,2020-08-01,2,2,1,3,0,2,1,3,1,2,1,2
1921,South Korea,,2020-08-02,1,0,1,3,0,0,1,3,0,0,1,0
1922,South Korea,,2020-08-03,2,2,1,0,0,0,0,2,0,1,0,1
1923,South Korea,,2020-08-04,2,2,1,1,0,1,1,3,1,0,0,3
1924,South Korea,,2020-08-05,2,1,1,2,0,1,1,3,1,1,1,1
1925,South Sudan,,2020-08-01,1,1,1,3,1,0,0,2,1,2,0,3
1926,South Sudan,,2020-08-02,1,1,0,0,0,0,1,2,1,1,1,0
1927,South Sudan,,2020-08-03,1,0,0,2,0,1,1,3,0,1,0,0
1928,South Sudan,,2020-08-04,2,1,1,0,1,2,1,1,0,1,1,0
1929,South Sudan,,2020-08-05,1,1,0,2,1,0,0,3,0,0,0,2
1930,Spain,,2020-08-01,1,1,1,2,0,0,1,0,1,2,0,3
1931,Spain,,2020-08-02,0,1,1,0,1,0,0,2,0,2,1,0
1932,Spain,,2020-08-03,0,1,1,2,1,2,0,1,0,0,0,0
1933,Spain,,2020-08-04,0,1,0,1,1,2,1,3,1,2,0,3
1934,Spain,,2020-08-05,2,0,0,0,1,0,0,2,0,0,0,3
1935,Sri Lanka,,2020-08-01,0,0,0,2,1,0,0,0,1,1,0,2
1936,Sri Lanka,,2020-08-02,1,2,1,1,0,1,0,2,1,0,1,3
1937,Sri Lanka,,2020-08-03,1,2,1,3,1,0,1,1,0,2,1,0
1938,Sri Lanka,,2020-08-04,2,2,0,0,1,0,0,1,0,1,1,0
1939,Sri Lanka,,2020-08-05,1,0,0,2,1,2,0,0,1,2,1,3
1940,Sudan,,2020-08-01,0,1,0,1,1,1,0,1,0,0,1,2
1941,Sudan,,2020-08-02,0,2,0,2,0,2,0,1,0,1,0,0
1942,Sudan,,2020-08-03,2,2,0,1,0,2,1,0,1,1,0,2
1943,Sudan,,2020-08-04,0,2,0,3,1,2,0,3,1,0,0,0
1944,Sudan,,2020-08-05,0,0,1,3,1,0,0,2,0,2,0,0
1945,Suriname,,2020-08-01,2,1,1,1,0,1,1,0,1,0,0,1
1946,Suriname,,2020-08-02,2,0,0,0,0,0,0,0,1,2,0,0
1947,Suriname,,2020-08-03,1,0,1,3,0,1,0,2,1,1,0,1
1948,Suriname,,2020-08-04,1,1,0,1,1,2,1,0,0,1,0,1
1949,Suriname,,2020-08-05,1,1,0,0,1,1,0,2,0,1,1,0
1950,Sweden,,2020-08-01,0,2,0,0,1,2,1,0,0,2,0,1
1951,Sweden,,2020-08-02,1,1,0,1,0,2,1,1,1,2,0,0
1952,Sweden,,2020-08-03,2,2,0,0,0,0,0,3,1,2,0,2
1953,Sweden,,2020-08-04,1,0,0,0,1,1,1,2,0,0,0,0
1954,Sweden,,2020-08-05,0,1,1,2,1,0,1,1,1,0,1,3
1955,Switzerland,,2020-08-01,0,2,0,2,0,2,1,1,0,0,0,2
1956,Switzerland,,2020-08-02,1,0,0,1,1,2,1,0,1,0,0,1
1957,Switzerland,,2020-08-03,0,2,0,2,1,1,1,0,0,0,0,0
1958,Switzerland,,2020-08-04,1,1,1,2,0,2,0,2,0,2,1,3
1959,Switzerland,,2020-08-05,2,2,1,1,0,0,1,0,1,2,0,2
1960,Syria,,2020-08-01,0,1,0,3,1,2,1,1,0,1,0,2
1961,Syria,,2020-08-02,2,1,1,0,1,0,1,1,1,2,0,1
1962,Syria,,2020-08-03,1,2,1,2,0,1,1,0,1,2,1,3
1963,Syria,,2020-08-04,1,0,0,1,0,1,0,0,0,2,1,0
1964,Syria,,2020-08-05,0,1,1,2,0,2,0,3,1,1,0,3
1965,Taiwan,,2020-08-01,0,1,0,2,0,0,0,1,0,1,0,0
1966,Taiwan,,2020-08-02,2,1,1,2,0,2,1,3,0,2,1,0
1967,Taiwan,,2020-08-03,0,0,0,2,1,2,1,0,1,1,0,0
1968,Taiwan,,2020-08-04,0,2,1,1,0,2,0,3,1,2,0,3
1969,Taiwan,,2020-08-05,0,1,0,3,0,2,0,1,1,1,1,3
1970,Tajikistan,,2020-08-01,1,0,0,1,0,2,1,3,1,0,1,3
1971,Tajikistan,,2020-08-02,2,2,0,2,0,1,0,3,1,1,0,0
1972,Tajikistan,,2020-08-03,0,0,0,1,1,2,1,1,0,1,0,1
1973,Tajikistan,,2020-08-04,1,0,1,0,1,0,0,3,1,1,1,0
1974,Tajikistan,,2020-08-05,1,1,1,1,0,2,0,1,0,0,0,3
1975,Tanzania,,2020-08-01,0,2,0,2,1,1,0,3,0,1,0,1
1976,Tanzania,,2020-08-02,0,2,0,2,1,1,1,2,0,2,1,3
1977,Tanzania,,2020-08-03,1,2,0,0,0,2,1,1,1,1,0,3
1978,Tanzania,,2020-08-04,1,0,1,0,1,2,0,2,0,0,1,1
1979,Tanzania,,2020-08-05,2,1,1,2,1,1,0,0,0,0,0,3
1980,Thailand,,2020-08-01,1,0,1,2,1,1,0,2,0,2,1,1
1981,Thailand,,2020-08-02,2,2,1,1,0,0,1,3,0,2,0,1
1982,Thailand,,2020-08-03,0,2,1,3,0,0,0,2,1,1,1,2
1983,Thailand,,2020-08-04,1,2,1,3,1,0,1,3,1,2,0,2
1984,Thailand,,2020-08-05,1,1,1,2,1,2,0,3,0,0,1,0
1985,Timor-Leste,,2020-08-01,1,2,1,2,0,1,1,1,0,1,0,1
1986,Timor-Leste,,2020-08-02,2,2,1,1,1,0,1,2,1,1,1,0
1987,Timor-Leste,,2020-08-03,2,2,0,2,1,2,1,0,1,2,0,3
1988,Timor-Leste,,2020-08-04,2,2,1,3,0,2,1,0,0,2,1,3
1989,Timor-Leste,,2020-08-05,0,0,1,3,1,1,0,1,1,2,0,1
1990,Togo,,2020-08-01,0,2,0,0,1,1,1,3,1,1,0,3
1991,Togo,,2020-08-02,0,2,1,3,1,0,0,0,1,0,1,2
1992,Togo,,2020-08-03,2,0,0,2,0,0,0,2,1,1,0,3
1993,Togo,,2020-08-04,2,2,0,0,0,2,1,3,1,0,0,2
1994,Togo,,2020-08-05,1,0,0,2,1,1,0,1,0,1,0,0
1995,Trinidad and Tobago,,2020-08-01,0,0,1,2,0,1,1,3,0,1,0,2
1996,Trinidad and Tobago,,2020-08-02,1,0,1,0,0,1,1,2,0,2,1,3
1997,Trinidad and Tobago,,2020-08-03,2,2,0,0,1,2,0,3,0,0,0,2
1998,Trinidad and Tobago,,2020-08-04,0,1,1,2,0,2,0,3,1,0,0,0
1999,Trinidad and Tobago,,2020-08-05,1,1,1,2,0,1,1,1,0,0,0,0
2000,Tunisia,,2020-08-01,2,1,0,2,0,0,0,2,1,1,0,2
2001,Tunisia,,2020-08-02,1,2,0,2,1,0,0,2,0,2,0,3
2002,Tunisia,,2020-08-03,2,2,0,0,1,0,1,0,1,0,1,1
2003,Tunisia,,2020-08-04,0,0,0,1,0,0,0,2,1,1,1,3
2004,Tunisia,,2020-08-05,0,0,1,1,1,2,1,1,1,0,0,0
2005,Turkey,,2020-08-01,1,1,1,2,1,1,0,0,1,1,0,0
2006,Turkey,,2020-08-02,2,2,1,0,0,0,0,1,1,1,0,3
2007,Turkey,,2020-08-03,1,0,0,3,1,1,0,1,0,2,0,0
2008,Turkey,,2020-08-04,2,2,1,1,1,0,1,1,1,2,1,2
2009,Turkey,,2020-08-05,2,0,0,0,1,1,0,0,0,2,1,2
2010,Uganda,,2020-08-01,2,1,1,1,1,0,1,0,0,0,0,1
2011,Uganda,,2020-08-02,1,2,1,0,0,2,0,0,1,0,1,1
2012,Uganda,,2020-08-03,1,2,0,1,0,0,0,0,0,2,1,3
2013,Uganda,,2020-08-04,0,2,0,2,1,2,1,2,1,1,0,2
2014,Uganda,,2020-08-05,0,1,1,1,1,2,1,3,1,0,1,0
2015,Ukraine,,2020-08-01,1,1,0,2,1,1,0,0,0,0,1,2
2016,Ukraine,,2020-08-02,1,2,0,1,0,2,1,2,0,2,1,1
2017,Ukraine,,2020-08-03,2,0,1,1,0,0,1,3,1,2,1,3
2018,Ukraine,,2020-08-04,0,0,0,1,0,1,1,0,0,1,1,3
2019,Ukraine,,2020-08-05,0,1,0,0,0,2,1,1,0,2,1,1
2020,United Arab Emirates,,2020-08-01,1,2,1,1,0,2,1,1,0,1,1,2
2021,United Arab Emirates,,2020-08-02,2,0,1,0,1,2,1,0,0,1,0,1
2022,United Arab Emirates,,2020-08-03,1,1,1,0,0,2,0,2,0,2,1,1
2023,United Arab Emirates,,2020-08-04,1,1,1,2,0,1,1,0,1,1,0,2
2024,United Arab Emirates,,2020-08-05,0,0,1,2,1,0,0,2,0,2,0,1
2025,United Kingdom,,2020-08-01,2,2,0,3,0,0,0,0,0,0,1,2
2026,United Kingdom,,2020-08-02,2,0,0,0,0,0,0,3,0,0,1,0
2027,United Kingdom,,2020-08-03,0,0,1,3,1,2,0,3,0,0,1,1
2028,United Kingdom,,2020-08-04,1,2,0,2,1,2,1,1,1,0,0,0
2029,United Kingdom,,2020-08-05,0,1,1,3,0,1,0,1,0,2,1,2
2030,United Kingdom,England,2020-08-01,1,1,0,3,0,0,0,0,1,1,0,2
2031,United Kingdom,England,2020-08-02,2,1,1,3,0,2,0,0,1,1,1,0
2032,United Kingdom,England,2020-08-03,1,0,1,3,1,1,1,1,0,1,0,2
2033,United Kingdom,England,2020-08-04,1,1,1,0,1,1,0,2,0,1,1,1
2034,United Kingdom,England,2020-08-05,2,1,0,0,0,0,1,2,0,0,1,2
2035,United Kingdom,Northern Ireland,2020-08-01,1,0,1,1,1,0,1,1,1,0,0,3
2036,United Kingdom,Northern Ireland,2020-08-02,1,0,0,3,0,0,1,1,0,0,0,1
2037,United Kingdom,Northern Ireland,2020-08-03,0,2,1,1,0,1,0,1,0,2,1,0
2038,United Kingdom,Northern Ireland,2020-08-04,0,2,1,3,0,2,0,3,1,2,0,3
2039,United Kingdom,Northern Ireland,2020-08-05,0,1,1,2,1,1,1,2,1,1,1,1
2040,United Kingdom,Scotland,2020-08-01,0,0,1,3,0,1,1,2,0,1,0,0
2041,United Kingdom,Scotland,2020-08-02,1,2,1,1,0,0,0,3,0,1,1,2
2042,United Kingdom,Scotland,2020-08-03,1,2,0,1,1,1,0,3,0,1,0,3
2043,United Kingdom,Scotland,2020-08-04,2,1,0,2,0,0,1,3,1,0,0,1
2044,United Kingdom,Scotland,2020-08-05,1,0,1,3,1,1,1,0,0,2,0,2
2045,United Kingdom,Wales,2020-08-01,2,0,1,0,0,2,0,1,0,1,1,3
2046,United Kingdom,Wales,2020-08-02,1,2,0,3,0,0,1,0,1,2,1,3
2047,United Kingdom,Wales,2020-08-03,1,2,0,0,0,0,0,1,1,0,0,2
2048,United Kingdom,Wales,2020-08-04,2,0,0,3,0,1,0,2,0,1,0,2
2049,United Kingdom,Wales,2020-08-05,0,1,1,1,1,1,1,0,1,1,1,0
2050,United States,,2020-08-01,0,1,1,0,0,0,0,2,1,2,0,1
2051,United States,,2020-08-02,2,1,1,1,1,1,1,3,1,2,1,2
2052,United States,,2020-08-03,0,2,0,2,0,0,1,0,0,1,0,1
2053,United States,,2020-08-04,2,0,0,3,0,1,0,1,0,1,1,3
2054,United States,,2020-08-05,1,2,1,2,1,1,0,1,0,2,0,1
2055,United States,Alabama,2020-08-01,1,1,0,2,0,1,1,3,0,2,0,1
2056,United States,Alabama,2020-08-02,2,1,0,0,1,2,1,2,1,1,1,3
2057,United States,Alabama,2020-08-03,0,0,1,0,1,0,0,2,1,0,0,0
2058,United States,Alabama,2020-08-04,2,2,1,1,0,0,1,3,0,0,1,0
2059,United States,Alabama,2020-08-05,0,2,0,3,1,2,1,1,1,0,0,2
2060,United States,Alaska,2020-08-01,0,1,0,0,0,0,1,0,0,0,0,1
2061,United States,Alaska,2020-08-02,1,0,1,0,1,0,1,0,1,0,1,0
2062,United States,Alaska,2020-08-03,2,1,0,1,0,2,1,0,0,0,0,1
2063,United States,Alaska,2020-08-04,1,0,1,2,1,1,1,0,1,1,0,1
2064,United States,Alaska,2020-08-05,1,2,1,0,1,2,1,1,0,1,1,0
2065,United States,Arizona,2020-08-01,2,1,0,3,1,2,1,3,0,2,1,3
2066,United States,Arizona,2020-08-02,2,1,0,1,0,1,0,0,1,1,1,3
2067,United States,Arizona,2020-08-03,2,1,0,3,1,1,0,2,0,1,1,2
2068,United States,Arizona,2020-08-04,0,2,0,2,0,2,1,1,0,0,1,0
2069,United States,Arizona,2020-08-05,1,0,1,1,0,2,1,0,0,1,0,3
2070,United States,Arkansas,2020-08-01,2,1,1,1,0,2,1,0,1,2,0,2
2071,United States,Arkansas,2020-08-02,1,2,1,0,1,0,0,0,0,1,0,2
2072,United States,Arkansas,2020-08-03,0,2,1,0,1,2,0,0,0,2,0,1
2073,United States,Arkansas,2020-08-04,1,0,0,1,1,1,1,1,1,2,0,3
2074,United States,Arkansas,2020-08-05,0,2,1,1,1,2,0,2,0,0,1,1
2075,United States,California,2020-08-01,1,2,0,0,1,2,0,2,1,0,0,1
2076,United States,California,2020-08-02,1,0,0,2,1,1,0,3,0,1,1,2
2077,United States,California,2020-08-03,2,1,1,2,0,2,1,1,0,2,1,3
2078,United States,California,2020-08-04,2,0,1,1,0,0,0,3,1,1,1,2
2079,United States,California,2020-08-05,1,1,0,2,1,2,0,1,1,1,1,1
2080,United States,Colorado,2020-08-01,0,0,0,3,1,2,1,3,1,2,0,3
2081,United States,Colorado,2020-08-02,0,1,1,3,0,0,0,3,0,0,0,3
2082,United States,Colorado,2020-08-03,1,0,1,3,1,2,0,2,1,0,1,1
2083,United States,Colorado,2020-08-04,1,2,1,1,1,2,1,0,1,2,0,0
2084,United States,Colorado,2020-08-05,0,0,0,2,1,2,0,0,1,2,0,0
2085,United States,Connecticut,2020-08-01,2,2,1,1,0,2,0,2,0,2,1,1
2086,United States,Connecticut,2020-08-02,0,0,0,0,1,1,1,2,1,1,1,3
2087,United States,Connecticut,2020-08-03,0,2,1,1,1,1,0,2,0,1,1,3
2088,United States,Connecticut,2020-08-04,1,0,0,2,0,1,0,3,0,1,0,0
2089,United States,Connecticut,2020-08-05,2,0,0,0,1,0,0,2,0,1,0,3
2090,United States,Delaware,2020-08-01,1,2,0,1,1,1,0,2,0,1,1,2
2091,United States,Delaware,2020-08-02,0,0,1,2,1,1,1,2,0,1,0,0
2092,United States,Delaware,2020-08-03,0,1,1,1,1,1,1,0,1,1,1,0
2093,United States,Delaware,2020-08-04,2,2,0,0,0,1,1,1,0,2,1,1
2094,United States,Delaware,2020-08-05,1,0,0,2,0,1,0,1,0,2,1,0
2095,United States,Florida,2020-08-01,1,1,1,0,1,0,1,1,0,2,1,3
2096,United States,Florida,2020-08-02,0,0,1,3,1,1,1,0,1,0,1,1
2097,United States,Florida,2020-08-03,0,2,1,3,0,2,1,3,1,0,0,0
2098,United States,Florida,2020-08-04,1,1,0,3,0,2,0,1,1,1,0,3
2099,United States,Florida,2020-08-05,2,0,1,1,0,1,1,2,1,1,0,0
2100,United States,Georgia,2020-08-01,2,2,1,2,0,2,0,0,0,0,0,0
2101,United States,Georgia,2020-08-02,1,1,0,1,0,1,1,1,0,2,0,1
2102,United States,Georgia,2020-08-03,0,0,0,3,1,1,0,3,0,2,0,3
2103,United States,Georgia,2020-08-04,1,1,0,2,1,1,0,0,0,2,0,2
2104,United States,Georgia,2020-08-05,1,2,1,3,1,1,0,3,1,0,1,3
2105,United States,Hawaii,2020-08-01,2,1,0,2,0,0,1,0,1,2,0,3
2106,United States,Hawaii,2020-08-02,0,2,1,1,1,1,1,0,1,1,1,2
2107,United States,Hawaii,2020-08-03,1,0,1,0,0,2,1,3,0,0,1,1
2108,United States,Hawaii,2020-08-04,1,0,0,2,1,0,1,0,0,2,0,0
2109,United States,Hawaii,2020-08-05,0,0,1,1,0,1,1,1,0,1,0,3
2110,United States,Idaho,2020-08-01,2,0,1,0,1,2,1,0,0,2,0,2
2111,United States,Idaho,2020-08-02,2,0,0,0,1,0,0,0,0,0,1,2
2112,United States,Idaho,2020-08-03,2,0,0,3,0,2,0,2,0,1,0,3
2113,United States,Idaho,2020-08-04,2,2,0,2,0,0,0,0,0,2,1,1
2114,United States,Idaho,2020-08-05,0,1,1,1,1,2,0,1,1,1,1,2
2115,United States,Illinois,2020-08-01,2,1,1,1,1,2,1,0,0,0,0,2
2116,United States,Illinois,2020-08-02,1,0,1,1,1,1,1,3,0,0,1,2
2117,United States,Illinois,2020-08-03,1,0,0,2,1,2,0,1,1,0,1,0
2118,United States,Illinois,2020-08-04,0,2,1,0,1,0,1,3,0,1,1,2
2119,United States,Illinois,2020-08-05,0,1,1,3,0,1,1,2,0,0,1,2
2120,United States,Indiana,2020-08-01,0,1,1,2,0,2,1,2,0,0,1,3
2121,United States,Indiana,2020-08-02,1,0,1,3,0,2,0,3,1,0,0,1
2122,United States,Indiana,2020-08-03,0,0,1,1,1,2,0,0,1,2,0,0
2123,United States,Indiana,2020-08-04,1,1,1,0,1,0,1,0,0,2,1,1
2124,United States,Indiana,2020-08-05,0,1,0,1,1,1,0,0,1,1,0,2
2125,United States,Iowa,2020-08-01,2,1,0,3,1,1,0,2,1,2,1,1
2126,United States,Iowa,2020-08-02,1,2,0,2,0,1,0,2,1,1,0,1
2127,United States,Iowa,2020-08-03,1,1,0,1,0,1,1,0,1,2,1,1
2128,United States,Iowa,2020-08-04,1,1,1,0,1,2,1,0,0,1,1,1
2129,United States,Iowa,2020-08-05,1,1,1,1,1,0,1,0,1,2,0,3
2130,United States,Kansas,2020-08-01,1,2,0,1,0,1,1,3,1,0,0,3
2131,United States,Kansas,2020-08-02,0,0,1,3,1,0,1,1,0,2,1,2
2132,United States,Kansas,2020-08-03,2,2,0,2,0,1,1,3,1,0,1,3
2133,United States,Kansas,2020-08-04,2,2,1,3,1,1,1,1,1,2,0,3
2134,United States,Kansas,2020-08-05,0,1,1,0,0,0,1,2,1,2,1,0
2135,United States,Kentucky,2020-08-01,2,1,1,1,0,2,1,0,1,2,1,2
2136,United States,Kentucky,2020-08-02,0,2,1,3,0,2,1,0,1,0,0,0
2137,United States,Kentucky,2020-08-03,0,0,1,0,1,2,0,2,1,1,1,0
2138,United States,Kentucky,2020-08-04,1,2,0,0,0,2,1,2,0,0,1,0
2139,United States,Kentucky,2020-08-05,0,1,0,2,1,2,0,1,1,2,1,0
2140,United States,Louisiana,2020-08-01,2,0,1,0,0,0,0,2,1,2,1,1
2141,United States,Louisiana,2020-08-02,0,1,1,2,1,0,1,1,1,2,0,1
2142,United States,Louisiana,2020-08-03,2,1,0,2,0,2,1,3,1,0,1,1
2143,United States,Louisiana,2020-08-04,2,1,0,1,1,2,0,3,0,0,1,2
2144,United States,Louisiana,2020-08-05,0,2,1,3,1,2,1,1,1,0,0,3
2145,United States,Maine,2020-08-01,2,1,1,1,1,1,1,1,1,2,1,2
2146,United States,Maine,2020-08-02,0,2,1,0,1,1,0,2,0,1,0,3
2147,United States,Maine,2020-08-03,1,1,1,0,0,0,0,3,1,2,0,1
2148,United States,Maine,2020-08-04,1,2,1,3,0,1,0,2,1,2,1,0
2149,United States,Maine,2020-08-05,2,0,1,3,1,1,0,2,0,1,1,0
2150,United States,Maryland,2020-08-01,2,1,1,1,0,0,1,3,1,1,0,0
2151,United States,Maryland,2020-08-02,2,0,0,1,1,1,1,2,1,2,0,3
2152,United States,Maryland,2020-08-03,2,2,1,2,0,1,0,0,1,1,1,3
2153,United States,Maryland,2020-08-04,2,0,0,0,1,0,1,3,0,0,1,3
2154,United States,Maryland,2020-08-05,1,0,1,3,0,0,0,0,1,1,1,1
2155,United States,Massachusetts,2020-08-01,1,0,0,2,1,2,1,2,0,2,0,3
2156,United States,Massachusetts,2020-08-02,0,2,1,1,1,1,0,0,0,2,1,0
2157,United States,Massachusetts,2020-08-03,1,2,1,1,0,2,0,0,0,1,1,2
2158,United States,Massachusetts,2020-08-04,0,2,1,2,1,2,0,0,1,1,1,1
2159,United States,Massachusetts,2020-08-05,0,0,1,3,0,2,0,1,1,0,1,0
2160,United States,Michigan,2020-08-01,1,2,1,2,0,1,1,1,0,0,0,1
2161,United States,Michigan,2020-08-02,0,1,0,1,1,1,1,1,0,2,0,3
2162,United States,Michigan,2020-08-03,2,0,0,2,0,2,0,3,0,1,0,0
2163,United States,Michigan,2020-08-04,0,0,0,0,1,0,1,3,0,1,1,3
2164,United States,Michigan,2020-08-05,0,1,1,0,0,0,0,1,1,1,1,0
2165,United States,Minnesota,2020-08-01,0,1,0,3,0,2,0,3,0,0,1,2
2166,United States,Minnesota,2020-08-02,1,0,1,2,0,0,0,0,1,0,1,0
2167,United States,Minnesota,2020-08-03,0,2,0,0,0,1,0,1,0,2,1,3
2168,United States,Minnesota,2020-08-04,0,2,1,0,0,1,0,1,1,2,1,1
2169,United States,Minnesota,2020-08-05,1,2,1,2,0,0,0,3,0,2,0,1
2170,United States,Mississippi,2020-08-01,1,1,0,2,0,2,0,3,0,2,1,0
2171,United States,Mississippi,2020-08-02,0,0,1,1,1,1,1,0,1,1,1,0
2172,United States,Mississippi,2020-08-03,2,1,0,3,0,1,0,1,0,2,0,2
2173,United States,Mississippi,2020-08-04,0,1,0,1,0,1,1,1,1,1,0,1
2174,United States,Mississippi,2020-08-05,2,2,0,1,1,0,0,2,0,2,1,3
2175,United States,Missouri,2020-08-01,2,1,0,3,1,1,0,2,0,2,1,3
2176,United States,Missouri,2020-08-02,1,0,1,3,0,1,1,0,0,1,1,3
2177,United States,Missouri,2020-08-03,2,0,0,1,1,2,0,0,1,1,1,1
2178,United States,Missouri,2020-08-04,0,2,1,1,0,1,1,2,1,0,1,0
2179,United States,Missouri,2020-08-05,0,1,0,2,1,2,1,1,0,0,1,1
2180,United States,Montana,2020-08-01,1,2,0,2,0,2,0,2,0,0,0,3
2181,United States,Montana,2020-08-02,1,1,0,0,0,1,0,3,0,0,0,3
2182,United States,Montana,2020-08-03,0,2,1,0,0,2,0,1,1,1,0,3
2183,United States,Montana,2020-08-04,2,2,1,3,0,0,0,1,1,2,1,3
2184,United States,Montana,2020-08-05,0,2,0,2,0,2,1,1,0,0,0,2
2185,United States,Nebraska,2020-08-01,2,0,0,1,1,2,1,1,1,1,0,3
2186,United States,Nebraska,2020-08-02,2,1,0,1,0,1,0,3,0,0,0,3
2187,United States,Nebraska,2020-08-03,1,0,1,1,1,1,0,3,0,2,1,2
2188,United States,Nebraska,2020-08-04,0,0,0,2,1,2,1,0,1,0,0,1
2189,United States,Nebraska,2020-08-05,0,1,1,0,0,1,0,3,0,1,1,3
2190,United States,Nevada,2020-08-01,1,2,0,3,0,2,0,2,0,0,0,2
2191,United States,Nevada,2020-08-02,1,1,1,0,1,2,0,0,0,1,1,2
2192,United States,Nevada,2020-08-03,0,0,0,3,1,2,1,3,0,0,0,2
2193,United States,Nevada,2020-08-04,0,0,1,1,0,2,1,1,0,2,1,0
2194,United States,Nevada,2020-08-05,1,1,1,0,0,0,0,0,0,2,1,3
2195,United States,New Hampshire,2020-08-01,0,2,1,1,0,2,0,3,1,2,1,1
2196,United States,New Hampshire,2020-08-02,1,1,1,3,0,1,0,2,1,1,1,3
2197,United States,New Hampshire,2020-08-03,1,1,0,3,0,1,0,3,1,0,1,2
2198,United States,New Hampshire,2020-08-04,0,2,0,1,0,2,0,3,1,2,1,0
2199,United States,New Hampshire,2020-08-05,2,2,1,0,0,2,0,1,1,0,1,0
2200,United States,New Jersey,2020-08-01,2,0,0,2,1,1,1,1,0,1,1,2
2201,United States,New Jersey,2020-08-02,1,1,0,3,0,0,1,0,1,1,0,2
2202,United States,New Jersey,2020-08-03,1,0,0,0,0,1,0,0,1,0,1,2
2203,United States,New Jersey,2020-08-04,1,0,0,3,1,1,0,3,1,0,0,0
2204,United States,New Jersey,2020-08-05,2,2,1,1,0,0,0,2,0,0,0,2
2205,United States,New Mexico,2020-08-01,2,2,1,3,0,1,1,0,0,2,1,1
2206,United States,New Mexico,2020-08-02,2,1,1,1,0,0,1,2,1,1,1,0
2207,United States,New Mexico,2020-08-03,1,0,1,1,1,1,0,0,0,2,1,1
2208,United States,New Mexico,2020-08-04,2,2,0,0,1,1,1,0,1,1,0,3
2209,United States,New Mexico,2020-08-05,1,0,0,0,1,2,1,3,1,1,0,2
2210,United States,New York,2020-08-01,0,1,0,3,1,1,0,3,0,0,1,2
2211,United States,New York,2020-08-02,2,0,0,2,0,0,1,0,1,1,0,1
2212,United States,New York,2020-08-03,1,2,1,3,1,0,1,0,0,1,1,2
2213,United States,New York,2020-08-04,2,2,1,2,0,2,1,0,1,2,0,0
2214,United States,New York,2020-08-05,1,1,1,1,1,0,0,3,0,2,0,1
2215,United States,North Carolina,2020-08-01,0,1,0,0,0,2,1,1,0,0,0,1
2216,United States,North Carolina,2020-08-02,2,0,1,2,0,2,1,1,1,2,1,2
2217,United States,North Carolina,2020-08-03,0,1,0,1,1,2,1,0,1,1,1,2
2218,United States,North Carolina,2020-08-04,2,2,1,2,1,1,0,2,1,2,1,0
2219,United States,North Carolina,2020-08-05,2,0,0,2,0,0,1,1,1,2,1,3
2220,United States,North Dakota,2020-08-01,0,2,0,0,0,1,0,2,0,0,0,1
2221,United States,North Dakota,2020-08-02,1,0,1,0,1,0,0,0,1,2,1,1
2222,United States,North Dakota,2020-08-03,0,2,1,1,1,1,1,1,0,1,1,2
2223,United States,North Dakota,2020-08-04,0,1,0,3,0,1,1,2,1,1,1,3
2224,United States,North Dakota,2020-08-05,2,0,1,1,0,1,0,1,0,0,0,3
2225,United States,Ohio,2020-08-01,0,0,0,3,0,0,1,0,0,2,0,1
2226,United States,Ohio,2020-08-02,0,1,1,3,0,2,1,2,0,0,0,2
2227,United States,Ohio,2020-08-03,0,2,1,0,1,2,1,1,0,0,0,2
2228,United States,Ohio,2020-08-04,1,1,1,1,0,2,1,0,0,1,1,3
2229,United States,Ohio,2020-08-05,2,1,0,0,1,1,0,1,1,2,0,1
2230,United States,Oklahoma,2020-08-01,2,1,1,2,0,1,1,1,0,1,1,1
2231,United States,Oklahoma,2020-08-02,0,2,0,2,1,1,1,0,1,1,1,2
2232,United States,Oklahoma,2020-08-03,0,0,1,2,0,2,0,2,0,0,1,1
2233,United States,Oklahoma,2020-08-04,0,0,1,3,0,1,1,1,1,0,1,3
2234,United States,Oklahoma,2020-08-05,0,2,1,2,0,0,0,2,1,2,0,3
2235,United States,Oregon,2020-08-01,1,0,1,0,1,1,0,3,0,2,0,2
2236,United States,Oregon,2020-08-02,0,1,1,3,0,2,0,0,1,2,1,1
2237,United States,Oregon,2020-08-03,2,1,0,2,1,1,0,0,1,1,1,3
2238,United States,Oregon,2020-08-04,1,2,0,3,0,1,1,3,1,1,0,1
2239,United States,Oregon,2020-08-05,1,2,0,0,1,1,0,0,0,2,1,0
2240,United States,Pennsylvania,2020-08-01,2,0,0,3,1,1,1,3,1,1,0,1
2241,United States,Pennsylvania,2020-08-02,1,2,1,0,1,1,0,2,1,1,0,0
2242,United States,Pennsylvania,2020-08-03,2,2,0,0,0,1,0,0,0,0,0,2
2243,United States,Pennsylvania,2020-08-04,0,1,0,1,0,1,1,0,0,0,0,0
2244,United States,Pennsylvania,2020-08-05,2,1,1,1,1,0,1,3,0,1,1,3
2245,United States,Rhode Island,2020-08-01,1,0,1,1,0,1,1,0,0,2,1,0
2246,United States,Rhode Island,2020-08-02,1,0,1,2,0,2,1,2,0,1,0,2
2247,United States,Rhode Island,2020-08-03,1,0,0,3,0,2,1,0,0,0,1,0
2248,United States,Rhode Island,2020-08-04,1,2,1,2,0,2,1,1,0,2,1,3
2249,United States,Rhode Island,2020-08-05,1,0,1,2,0,1,0,3,0,0,0,2
2250,United States,South Carolina,2020-08-01,1,2,1,0,0,0,1,3,1,2,0,0
2251,United States,South Carolina,2020-08-02,2,2,0,2,0,2,0,1,0,1,1,2
2252,United States,South Carolina,2020-08-03,1,1,1,2,1,2,1,2,0,0,1,2
2253,United States,South Carolina,2020-08-04,2,0,0,3,0,2,0,3,0,0,0,1
2254,United States,South Carolina,2020-08-05,1,2,1,1,1,2,0,2,1,1,0,3
2255,United States,South Dakota,2020-08-01,0,1,0,2,0,1,1,0,0,0,0,2
2256,United States,South Dakota,2020-08-02,1,1,0,2,0,0,1,0,0,2,0,1
2257,United States,South Dakota,2020-08-03,2,1,0,1,1,2,1,3,0,1,1,3
2258,United States,South Dakota,2020-08-04,1,1,0,0,0,0,1,0,1,1,1,1
2259,United States,South Dakota,2020-08-05,2,1,1,0,0,2,0,2,1,2,0,1
2260,United States,Tennessee,2020-08-01,0,0,1,0,1,0,0,0,0,2,0,3
2261,United States,Tennessee,2020-08-02,1,0,1,0,1,0,1,1,0,2,1,3
2262,United States,Tennessee,2020-08-03,0,0,0,3,0,1,0,1,0,0,1,0
2263,United States,Tennessee,2020-08-04,0,0,0,2,1,2,0,3,0,2,0,2
2264,United States,Tennessee,2020-08-05,1,0,0,3,0,1,1,0,1,2,0,2
2265,United States,Texas,2020-08-01,1,0,0,0,1,0,0,0,1,2,0,3
2266,United States,Texas,2020-08-02,2,0,1,1,0,0,1,2,1,2,0,2
2267,United States,Texas,2020-08-03,1,1,0,0,1,0,1,1,1,0,0,2
2268,United States,Texas,2020-08-04,0,1,0,1,1,0,1,0,1,2,1,3
2269,United States,Texas,2020-08-05,0,1,1,0,1,2,1,3,1,0,1,1
2270,United States,Utah,2020-08-01,2,2,0,2,1,1,0,0,1,0,0,3
2271,United States,Utah,2020-08-02,0,0,1,2,1,1,1,1,1,0,1,2
2272,United States,Utah,2020-08-03,2,2,1,3,0,1,1,2,1,1,1,2
2273,United States,Utah,2020-08-04,2,0,1,0,1,2,1,0,1,1,0,1
2274,United States,Utah,2020-08-05,2,0,1,0,0,2,1,2,1,0,1,2
2275,United States,Vermont,2020-08-01,2,1,0,3,1,2,0,3,1,0,0,2
2276,United States,Vermont,2020-08-02,2,0,0,3,0,0,1,0,1,2,0,3
2277,United States,Vermont,2020-08-03,2,1,1,0,1,0,0,1,0,2,0,1
2278,United States,Vermont,2020-08-04,0,1,0,2,0,2,0,1,0,2,1,2
2279,United States,Vermont,2020-08-05,1,0,0,1,1,0,1,1,0,0,1,0
2280,United States,Virginia,2020-08-01,1,0,1,3,1,1,1,3,1,0,1,1
2281,United States,Virginia,2020-08-02,0,0,0,2,1,2,0,2,1,1,1,0
2282,United States,Virginia,2020-08-03,0,1,1,1,0,0,1,1,0,0,0,2
2283,United States,Virginia,2020-08-04,0,0,1,2,0,2,0,3,0,2,0,0
2284,United States,Virginia,2020-08-05,2,2,1,3,0,0,0,1,1,0,0,3
2285,United States,Washington,2020-08-01,2,1,0,3,0,0,0,1,1,1,1,3
2286,United States,Washington,2020-08-02,0,0,0,3,1,1,1,3,0,2,1,2
2287,United States,Washington,2020-08-03,2,2,1,0,0,2,0,1,1,0,0,2
2288,United States,Washington,2020-08-04,1,0,0,0,1,2,0,3,1,2,1,1
2289,United States,Washington,2020-08-05,2,1,1,3,1,0,0,0,1,1,0,1
2290,United States,Washington DC,2020-08-01,2,1,0,3,0,1,1,3,1,2,0,0
2291,United States,Washington DC,2020-08-02,1,1,0,3,0,0,1,2,1,0,0,1
2292,United States,Washington DC,2020-08-03,0,1,0,1,0,0,1,0,1,0,1,1
2293,United States,Washington DC,2020-08-04,0,2,1,0,1,0,1,1,1,2,1,1
2294,United States,Washington DC,2020-08-05,0,1,1,0,0,1,1,0,0,0,1,3
2295,United States,West Virginia,2020-08-01,1,0,0,2,0,2,0,2,0,2,1,1
2296,United States,West Virginia,2020-08-02,1,0,1,0,1,1,0,1,1,0,0,3
2297,United States,West Virginia,2020-08-03,0,0,1,1,0,1,1,2,0,0,0,1
2298,United States,West Virginia,2020-08-04,0,1,1,2,1,1,1,0,0,2,0,2
2299,United States,West Virginia,2020-08-05,1,0,0,2,0,0,1,3,0,0,0,1
2300,United States,Wisconsin,2020-08-01,0,0,1,1,0,1,1,1,0,2,0,1
2301,United States,Wisconsin,2020-08-02,2,1,1,3,0,2,1,2,1,1,0,1
2302,United States,Wisconsin,2020-08-03,1,2,0,0,0,0,0,3,1,0,0,0
2303,United States,Wisconsin,2020-08-04,0,2,0,0,1,2,0,2,1,0,1,0
2304,United States,Wisconsin,2020-08-05,0,1,1,0,1,0,0,0,0,0,1,1
2305,United States,Wyoming,2020-08-01,1,2,0,2,1,0,0,2,0,0,0,0
2306,United States,Wyoming,2020-08-02,1,2,1,2,1,0,0,1,0,0,1,3
2307,United States,Wyoming,2020-08-03,2,2,0,0,1,0,0,3,0,1,0,3
2308,United States,Wyoming,2020-08-04,2,1,0,3,0,2,0,0,0,1,0,3
2309,United States,Wyoming,2020-08-05,2,1,0,2,0,0,1,0,1,1,1,2
2310,Uruguay,,2020-08-01,0,2,1,1,1,1,1,2,0,0,0,2
2311,Uruguay,,2020-08-02,1,0,1,0,1,0,1,2,1,1,1,1
2312,Uruguay,,2020-08-03,0,0,0,0,1,2,0,3,0,0,1,2
2313,Uruguay,,2020-08-04,2,0,0,2,1,1,0,0,1,1,1,1
2314,Uruguay,,2020-08-05,2,2,1,0,0,1,1,3,0,2,0,2
2315,Uzbekistan,,2020-08-01,2,0,1,3,1,2,0,3,0,1,1,3
2316,Uzbekistan,,2020-08-02,0,0,0,3,1,1,0,2,0,0,0,3
2317,Uzbekistan,,2020-08-03,1,1,1,3,0,1,1,0,1,1,0,2
2318,Uzbekistan,,2020-08-04,0,1,1,2,0,2,1,3,1,1,0,3
2319,Uzbekistan,,2020-08-05,0,1,0,2,1,0,0,2,0,2,0,0
2320,Vanuatu,,2020-08-01,2,0,0,2,0,0,0,1,0,0,0,3
2321,Vanuatu,,2020-08-02,2,1,0,3,1,2,0,1,0,0,0,3
2322,Vanuatu,,2020-08-03,1,1,0,0,0,0,0,2,0,2,0,1
2323,Vanuatu,,2020-08-04,1,0,0,1,0,1,1,2,0,0,0,0
2324,Vanuatu,,2020-08-05,1,1,1,1,0,2,1,0,0,0,0,3
2325,Venezuela,,2020-08-01,0,2,0,1,1,1,1,0,1,0,0,1
2326,Venezuela,,2020-08-02,0,0,1,1,0,0,0,2,0,1,0,3
2327,Venezuela,,2020-08-03,1,2,0,2,1,1,0,1,1,1,0,0
2328,Venezuela,,2020-08-04,2,0,0,2,1,1,0,3,1,1,0,0
2329,Venezuela,,2020-08-05,2,0,0,2,0,1,1,2,0,1,1,3
2330,Vietnam,,2020-08-01,1,2,1,0,0,0,1,3,1,1,1,0
2331,Vietnam,,2020-08-02,1,1,0,0,0,2,1,0,1,0,1,0
2332,Vietnam,,2020-08-03,2,1,1,1,0,2,1,0,1,1,1,1
2333,Vietnam,,2020-08-04,1,1,1,2,0,2,0,2,0,1,0,1
2334,Vietnam,,2020-08-05,2,0,0,3,0,0,1,2,1,2,1,0
2335,Yemen,,2020-08-01,0,2,0,3,0,2,0,2,1,0,1,3
2336,Yemen,,2020-08-02,2,1,0,0,0,0,1,3,1,2,0,2
2337,Yemen,,2020-08-03,0,1,1,3,0,0,0,2,0,0,0,2
2338,Yemen,,2020-08-04,2,1,1,2,0,0,0,0,0,1,1,2
2339,Yemen,,2020-08-05,0,2,1,2,0,0,0,0,1,2,1,2
2340,Zambia,,2020-08-01,1,1,0,3,0,0,0,3,1,2,0,1
2341,Zambia,,2020-08-02,0,1,0,2,1,0,1,1,1,2,1,2
2342,Zambia,,2020-08-03,0,1,0,0,0,0,0,2,1,0,0,0
2343,Zambia,,2020-08-04,0,0,1,3,1,0,0,3,1,0,1,1
2344,Zambia,,2020-08-05,1,0,0,1,0,0,0,3,1,2,1,1
2345,Zimbabwe,,2020-08-01,1,2,0,2,0,1,1,1,0,0,1,1
2346,Zimbabwe,,2020-08-02,1,2,0,2,0,0,0,0,0,0,1,2
2347,Zimbabwe,,2020-08-03,2,1,1,0,1,2,1,2,0,0,1,1
2348,Zimbabwe,,2020-08-04,1,2,0,2,1,2,1,3,1,2,0,3
2349,Zimbabwe,,2020-08-05,2,0,0,3,1,0,0,0,0,0,1,3
